source_column	line_no	reason	line
p001-c00	7	NO_MATCH	ab absente secund
p001-c00	12	NO_MATCH	ab adversa parte
p001-c00	20	NO_MATCH	Abbacue v. Abaen
p001-c00	37	NO_MATCH	abhorraàit 7-4, 100
p001-c00	46	NO_MATCH	ab ineunte aetate
p001-c00	49	NO_MATCH	ab initio adulescent
p001-c00	56	NO_MATCH	Abmos(?) 129, 34
p001-c01	1	NO_MATCH	. ALPHABETICVS
p001-c01	6	NO_MATCH	,48;125, abuuit 78,3
p001-c01	26	NO_MATCH	;132,147 absconditum 12, 90
p001-c01	35	NO_MATCH	,9; 124, abstinet 6, 50
p001-c02	2	NO_MATCH	AD COMMENTARI
p001-c02	3	NO_MATCH	NIANARVM.
p001-c02	15	NO_MATCH	, 15; acenbuit $1, 42
p001-c02	19	NO_MATCH	accusat, 50, 70
p001-c02	33	NO_MATCH	Achilléus 115, 11
p001-c02	34	NO_MATCH	achimenatis (?) 99, 96
p001-c02	45	NO_MATCH	, 42 acroma 106, 77
p001-c02	46	NO_MATCH	, 97; acromaticus 106, 78
p001-c02	47	NO_MATCH	actenus r. hactenus
p001-c02	54	NO_MATCH	; actorum 28, 83^
p001-c02	55	NO_MATCH	, acuit. 13, 47
p001-c02	59	NO_MATCH	" aeutor 73, 59
p001-c03	1	NO_MATCH	OS NOTARVM
p001-c03	24	NO_MATCH	! addidit 12, 75
p001-c03	39	NO_MATCH	; ad fadimas 128, 60
p001-c03	41	NO_MATCH	‘ adfecit. 22, 43
p002-c00	1	NO_MATCH	adfüxit 68, 16
p002-c00	10	NO_MATCH	. adgyrat 96, 17°
p002-c00	11	NO_MATCH	. adhaeret 51, 12
p002-c00	45	NO_MATCH	adm v. amm
p002-c00	64	NO_MATCH	ad nostra(m) praesentia(m)
p002-c01	1	NO_MATCH	— "n
p002-c01	37	NO_MATCH	-adsentit 21, 16 adi
p002-c01	45	NO_MATCH	adsistit L6, 98 ad
p002-c01	48	NO_MATCH	-adsparsit 64, 94 ; ad;
p002-c01	53	NO_MATCH	adstitit, 24, 53 ad
p002-c02	6	NO_MATCH	leger (?) 53, 20 aedilic
p002-c02	14	NO_MATCH	texit RO, 4° aeduli
p002-c02	17	NO_MATCH	‘inet 6, 51 Aedun
p002-c02	18	NO_MATCH	üngit 35, 12 Aegas
p002-c02	19	NO_MATCH	.ollit, 22, 79 aeger
p002-c02	24	NO_MATCH	;rectat 35, 16 Aegip]
p002-c02	28	NO_MATCH	über 79, 10 aegriti
p002-c02	49	NO_MATCH	rémt 20, 42 aequil
p002-c02	50	NO_MATCH	rénit 20, 49 aequin
p002-c02	59	NO_MATCH	versus homines aliqua , aerame
p002-c02	67	NO_MATCH	vespereseit, 69, 11 aerumi
p002-c03	1	NO_MATCH	la $1, 60
p002-c03	48	NO_MATCH	is £6, 31
p003-c00	40	NO_MATCH	Aggaeus (v. Aggeus
p003-c01	1	NO_MATCH	ajunt, 49, 43
p003-c01	4	NO_MATCH	[al 18, 51
p003-c01	27	NO_MATCH	, 66 alget 93, 42
p003-c01	38	NO_MATCH	,85 ^ alio modo 20, 15
p003-c01	40	NO_MATCH	) 124, aliquando 4, 224
p003-c01	53	NO_MATCH	! aliter et aliter 6, 7
p003-c01	63	NO_MATCH	' allectat 77, 89
p003-c01	64	NO_MATCH	, &llegit 25, 66
p003-c01	67	NO_MATCH	[ alleluia 128, 62
p003-c01	68	NO_MATCH	alleluia, alleluia. 128, 6.
p003-c02	13	NO_MATCH	Alpocrates $2, 8
p003-c02	23	NO_MATCH	Alünum 84, 11
p003-c02	60	NO_MATCH	,44 ambegit 41, 46
p003-c03	1	NO_MATCH	amfisbaena v. anfisbaena
p003-c03	14	NO_MATCH	; amita 33, 47
p003-c03	17	NO_MATCH	amitüt 23, 13
p003-c03	18	NO_MATCH	amm... v. etiem adm...
p003-c03	37	NO_MATCH	! amphitheatralis 106, 59°
p003-c03	38	NO_MATCH	‘amphitheatrum 106, 59
p003-c03	51	NO_MATCH	Amulus (?) 115, 14°
p003-c03	53	NO_MATCH	; amus 13, 97
p003-c03	68	NO_MATCH	{anathema maranatha 111,
p004-c00	4	NO_MATCH	anchoma v. enchyma a
p004-c00	36	NO_MATCH	'anilis 95, 90
p004-c00	37	NO_MATCH	anicula v. aniculus
p004-c00	65	NO_MATCH	Awson(?) 129, 20
p004-c00	75	NO_MATCH	Comm. not, tir.
p004-c01	1	NO_MATCH	— tick
p004-c01	64	NO_MATCH	Anubis $3, 12 aqu
p004-c01	78	NO_MATCH	apiscitur T4, 60 Aq
p004-c02	3	NO_MATCH	)s 121,90 ara 10:
p004-c02	10	NO_MATCH	la v. abolla araneus
p004-c02	20	NO_MATCH	lluum v. Apologeticum — Araxes
p004-c02	23	NO_MATCH	ies v. Aphrodite ^ arbiter}
p004-c02	26	NO_MATCH	(ata 4, 85° arbitra
p004-c02	41	NO_MATCH	'essit: 24, 18 ' arcariu
p004-c02	68	NO_MATCH	üleia 34, 13 ardor
p004-c02	75	NO_MATCH	ütania 84, 47 arescit
p004-c02	76	NO_MATCH	ütauicus 84, 48; 95,58 aret 8
p004-c02	77	NO_MATCH	utanus S4, 46 Arethu
p004-c03	11	NO_MATCH	.21, 61 ]
p004-c03	19	NO_MATCH	, 40
p004-c03	51	NO_MATCH	» 101, 17
p004-c03	54	NO_MATCH	(11,21
p004-c03	56	NO_MATCH	'elus 60,17; 70, 10?
p004-c03	73	NO_MATCH	iT, 75
p004-c03	74	NO_MATCH	t sagitta T7, 76
p004-c03	77	NO_MATCH	(6. 61
p004-c03	79	NO_MATCH	. 85
p004-c03	80	NO_MATCH	S. ds
p004-c03	81	NO_MATCH	(c4 58
p005-c00	27	NO_MATCH	, aris 13, 79
p005-c01	3	NO_MATCH	Asclepiontes (?) 111, 10
p005-c01	14	NO_MATCH	. 39; 197, 44; 131, 43
p005-c01	65	NO_MATCH	atquin r. adquin
p005-c01	78	NO_MATCH	à Attalus 103, 74
p005-c01	79	NO_MATCH	attamen v. adtamen
p005-c01	81	NO_MATCH	Attülhus 114, 65
p005-c01	82	NO_MATCH	; Attius 114, 68
p005-c01	85	NO_MATCH	, Atuatica. 87, 50
p005-c02	1	NO_MATCH	a =
p005-c02	6	NO_MATCH	, auctoramentum 42, 42
p005-c02	10	NO_MATCH	, auctum 57, 18
p005-c02	20	NO_MATCH	aufügit 26, 93*
p005-c02	21	NO_MATCH	aufügit 26, 26?
p005-c02	22	NO_MATCH	j8; Aufuscius 114, 90
p005-c02	39	NO_MATCH	‘aurarium 77,15
p005-c02	42	NO_MATCH	, Aurelius 114, 79
p005-c02	45	NO_MATCH	, aurifex 77, 17
p005-c02	46	NO_MATCH	, aurifodima 77, 23
p005-c02	48	NO_MATCH	&urgarius 112,78
p005-c02	63	NO_MATCH	' Austrasiorum 110, 74*
p005-c02	64	NO_MATCH	ausus £3, 40
p005-c02	71	NO_MATCH	, Autronianus 114, 86
p005-c03	17	NO_MATCH	! avehit 41, 98
p005-c03	26	NO_MATCH	“Aveta 89, 6
p005-c03	68	NO_MATCH	baculatur v. baiulator
p005-c03	73	NO_MATCH	! bae. 16, 69
p006-c00	36	NO_MATCH	‘Barnabas 122,123; 124,27; ]
p006-c00	67	NO_MATCH	Becia(?) v. Basan 1
p006-c01	1	NO_MATCH	— Wh .-
p006-c01	4	NO_MATCH	»ellicosus 23, 52 s
p006-c01	5	NO_MATCH	»ellieus. 23, 51
p006-c01	7	NO_MATCH	»eliger 23, 47 m
p006-c01	14	NO_MATCH	;»ellum civile 25, E: A RA
p006-c01	40	NO_MATCH	)enignus 33, a I
p006-c01	45	NO_MATCH	n: ] €. Badal eh nie
p006-c01	49	NO_MATCH	s:eseget (?) 129, 2 Lo
p006-c02	5	NO_MATCH	, 15, 89 breviter
p006-c02	19	NO_MATCH	ta v. bigoda ! bromius
p006-c02	39	NO_MATCH	L6, 65 bucolica
p006-c02	45	NO_MATCH	, fama 60, 7 bundi 1
p006-c02	46	NO_MATCH	, memoria 30, 16? bundibu
p006-c02	47	NO_MATCH	, opinio 60, 9 bundis
p006-c02	48	NO_MATCH	mia $6, 27 bundoru
p006-c02	53	NO_MATCH	, 121, 65 Burdiga
p006-c02	61	NO_MATCH	gra v. Bagrada. bustus
p006-c02	70	NO_MATCH	atus v. bracatus caballus
p006-c03	5	NO_MATCH	ok iH
p006-c03	7	NO_MATCH	, 32
p006-c03	32	NO_MATCH	[08, 50
p006-c03	34	NO_MATCH	, 78, 32
p006-c03	39	NO_MATCH	. 90, 18
p006-c03	60	NO_MATCH	MEX]
p006-c03	67	NO_MATCH	(2
p006-c03	70	NO_MATCH	OY, 52°
p006-c03	72	NO_MATCH	?) 112, 165
p006-c03	73	NO_MATCH	= 112, 17* '
p006-c03	75	NO_MATCH	‘
p007-c00	31	NO_MATCH	: Caeromensum — v.
p007-c00	32	NO_MATCH	i nensum
p007-c00	35	NO_MATCH	T Caesar Antoninus :
p007-c00	37	NO_MATCH	Caesar Domitianus
p007-c00	39	NO_MATCH	Caesar Germanicus
p007-c00	40	NO_MATCH	Caesar Hadrianus ©
p007-c00	42	NO_MATCH	Caesar imp. aug. €
p007-c00	43	NO_MATCH	' cus 38, 70°
p007-c00	46	NO_MATCH	Caesar Nerva: 39, 4
p007-c00	51	NO_MATCH	; Caesieius 115, 77
p007-c00	54	NO_MATCH	: caesus 11, 58
p007-c00	65	NO_MATCH	: calamitosus 66, 68
p007-c00	66	NO_MATCH	! calamus 105, 78
p007-c00	68	NO_MATCH	: calearia 79, 36
p007-c00	71	NO_MATCH	D calcidoens (?) 106,
p007-c00	72	NO_MATCH	; Caleidonia (?) 106
p007-c00	73	NO_MATCH	^ caleiocaliga 99, 37
p007-c00	77	NO_MATCH	i
p007-c00	78	NO_MATCH	E
p007-c01	2	NO_MATCH	'caleulum 9-4, 58
p007-c01	39	NO_MATCH	, Camillus 115, 54
p007-c01	42	NO_MATCH	s, 62 campanus 38, 37
p007-c01	43	NO_MATCH	& campester 58, 39
p007-c01	57	NO_MATCH	, 5 candelabrum 102, 4
p007-c01	65	NO_MATCH	candocus (?) 37, 12°
p007-c01	67	NO_MATCH	i5 canescit 18, 73
p007-c02	1	NO_MATCH	— GQ —
p007-c02	21	NO_MATCH	Capharnaum (v. Cafernaun
p007-c02	32	NO_MATCH	Capitolium $3, 2
p007-c02	35	NO_MATCH	caporidia v. capreida
p007-c02	41	NO_MATCH	! capreida 104, 63
p007-c02	46	NO_MATCH	, 16; captabulum 10, 85
p007-c02	53	NO_MATCH	, caput. 44, 8
p007-c02	54	NO_MATCH	! carbasum 99, 88
p007-c02	56	NO_MATCH	, carbonarius 99, 87
p007-c02	61	NO_MATCH	! cardinis 92, 60
p007-c02	62	NO_MATCH	. cardo 92, 58
p007-c02	64	NO_MATCH	, carescit. 57, 57
p007-c02	65	NO_MATCH	, caret 11, 73
p007-c02	72	NO_MATCH	. carnem 90, 89; 96, 9°
p007-c03	1	NO_MATCH	Carominius (?) 115, 58
p007-c03	78	NO_MATCH	, Catina. 85, 56
p007-c03	91	NO_MATCH	, caulae 100, 17
p008-c00	27	NO_MATCH	Celüberus 86, 40 E
p008-c00	76	NO_MATCH	Comm. not. tir.
p008-c01	1	NO_MATCH	— 7
p008-c01	6	NO_MATCH	'estifer 36, 95 Cim
p008-c01	18	NO_MATCH	'«hamaestrotum 101, 26 Cing
p008-c01	23	NO_MATCH	hareontes r. choreuontes cinis
p008-c01	36	NO_MATCH	hilcia v. heleia circu
p008-c01	42	NO_MATCH	"ron 111, 12 CirCU
p008-c01	67	NO_MATCH	hyrocasias (7) 111, 15 cireu
p008-c02	3	NO_MATCH	© 74, 50; 85, 92° Cirtensi
p008-c02	4	NO_MATCH	& 19, 89 Cis 16,
p008-c02	7	NO_MATCH	ilae (?) 99, «2 cisium -
p008-c02	13	NO_MATCH	nomina (?) 131, 98 , cithara
p008-c02	22	NO_MATCH	à 115, 47 citreum
p008-c03	5	NO_MATCH	's 88, 00
p008-c03	14	NO_MATCH	, oF
p008-c03	32	NO_MATCH	,98
p008-c03	35	NO_MATCH	, 90
p008-c03	39	NO_MATCH	; 39
p008-c03	64	NO_MATCH	» (elarigatio) 28. 51
p008-c03	74	NO_MATCH	S, 44
p008-c03	75	NO_MATCH	. 89, 94?
p008-c03	85	NO_MATCH	an, 80
p008-c03	96	NO_MATCH	esto Ag, 51^?
p008-c03	99	NO_MATCH	( nost. 122, 135
p008-c03	100	NO_MATCH	. regis nostri 122.
p009-c00	1	NO_MATCH	clementia regni nos!
p009-c00	4	NO_MATCH	clementis regni nost
p009-c00	6	NO_MATCH	clementissimus imp
p009-c00	63	NO_MATCH	coartat YO, 7
p009-c01	3	NO_MATCH	), 59" — coegit 29, 2
p009-c01	6	NO_MATCH	xator59, coenum 96, 55
p009-c01	8	NO_MATCH	coercet, TL, 30
p009-c01	13	NO_MATCH	cognitum £7, 90
p009-c01	19	NO_MATCH	! cohberes 51, 95
p009-c01	20	NO_MATCH	, 77 cohibet 7, 57
p009-c01	21	NO_MATCH	, 78 cohors 46, 10
p009-c01	24	NO_MATCH	‘ecoicit 12, 29
p009-c01	25	NO_MATCH	, colecit 12, 46
p009-c01	26	NO_MATCH	colit, 13, 6
p009-c01	27	NO_MATCH	,coinchoat 75, 43*
p009-c01	33	NO_MATCH	' Colchidonia 87, 95
p009-c01	39	NO_MATCH	, collocat. 37, 91
p009-c01	45	NO_MATCH	; colonia 38, 41
p009-c01	47	NO_MATCH	' colonus 38, 40
p009-c01	48	NO_MATCH	' Colossensis 122, 129
p009-c01	50	NO_MATCH	! eolumba 111, 38
p009-c01	51	NO_MATCH	s^ columen 93, 26
p009-c01	53	NO_MATCH	‘coma 78, 64
p009-c01	55	NO_MATCH	, combustum 93, 29*
p009-c01	56	NO_MATCH	comédit 102, 97
p009-c01	57	NO_MATCH	, comedit. 102, 98
p009-c01	61	NO_MATCH	comes palatii mostri
p009-c01	64	NO_MATCH	'conüeum 78, 19
p009-c01	66	NO_MATCH	!comüsatio 78, 91
p009-c02	10	NO_MATCH	, comoedia 78, 15
p009-c02	22	NO_MATCH	! conburit 102, 33
p009-c02	44	NO_MATCH	'conchylium 98, 67
p009-c02	47	NO_MATCH	. eoncilium. 10, 81
p009-c02	48	NO_MATCH	, coucinctum 97, 37°
p009-c02	50	NO_MATCH	! concinit 107, 44
p009-c02	55	NO_MATCH	'concitum 94, 10?
p009-c02	56	NO_MATCH	‘conclavicula 50, 88?
p009-c02	57	NO_MATCH	‘conclayis 50, 88
p009-c02	60	NO_MATCH	, concoctum 1085, 49
p009-c02	66	NO_MATCH	. coneremat. 58, 70
p009-c02	68	NO_MATCH	! conereseit 13, 41
p009-c02	75	NO_MATCH	)^ concumbit 81,37
p009-c03	10	NO_MATCH	* condecens 67, 81*
p009-c03	56	NO_MATCH	! conficit 29, 40
p009-c03	69	NO_MATCH	confirmat, 34, 69
p009-c03	71	NO_MATCH	confiscatur (— or?) 41, 50
p009-c03	80	NO_MATCH	' conflat 74, 25
p009-c03	92	NO_MATCH	confódit 56, 54
p009-c03	104	NO_MATCH	, confrangit. 81, 16
p010-c00	6	NO_MATCH	confügit 26, 25 (
p010-c00	7	NO_MATCH	confügit 26, 28 (
p010-c00	17	NO_MATCH	'"eongent 26, 63 c
p010-c01	1	NO_MATCH	(9
p010-c01	2	NO_MATCH	'onmemorabihs 30, 19 cony
p010-c01	10	NO_MATCH	;onmercium 42, 39 conj
p010-c01	24	NO_MATCH	onmittit, 23, 15 cong
p010-c01	28	NO_MATCH	onmonstrat £7, 7 cour
p010-c02	8	NO_MATCH	rinüt 24,5 conspice
p010-c02	21	NO_MATCH	wievié 71, 31" constern
p010-c02	30	NO_MATCH	udis (7. conruit) 75, 69 constric
p010-c02	34	NO_MATCH	inguinens V4, 7 construi
p010-c02	41	NO_MATCH	ündit 82, 71 consuesc
p010-c03	9	NO_MATCH	{ 26, 36
p010-c03	12	NO_MATCH	; 44, 97
p010-c03	41	NO_MATCH	it £7, 15
p010-c03	46	NO_MATCH	o, 47
p010-c03	49	NO_MATCH	(33, 74
p010-c03	58	NO_MATCH	iat T5. 44
p010-c03	59	NO_MATCH	in SO, 14
p010-c03	69	NO_MATCH	(49,1
p010-c03	76	NO_MATCH	,
p011-c00	25	NO_MATCH	contra rerum naturan
p011-c00	27	NO_MATCH	contrastatuta maioru
p011-c00	28	NO_MATCH	contra statutaque n
p011-c00	66	NO_MATCH	convénit 20, 43
p011-c01	1	NO_MATCH	, convexum 58, 7
p011-c01	2	NO_MATCH	‘ convicit 52, 79
p011-c01	10	NO_MATCH	'convolat 75, 95°
p011-c01	11	NO_MATCH	éonvolvit 75, 85
p011-c01	27	NO_MATCH	m59,93 , Corduba 84, 96
p011-c01	28	NO_MATCH	ialorum , coriandrum 104, 41
p011-c01	31	NO_MATCH	' Corinthius 84,97; 122,
p011-c01	32	NO_MATCH	, Coriolauus 99, 53
p011-c01	33	NO_MATCH	' corium 99, 51
p011-c01	45	NO_MATCH	) corolla 105, 68
p011-c01	53	NO_MATCH	! corpus 22, Is)
p011-c01	56	NO_MATCH	Correp v. Oreb
p011-c01	58	NO_MATCH	' correpsit 83, 40
p011-c01	60	NO_MATCH	(corrigit 50, 93
p011-c01	68	NO_MATCH	; 91,67 corticeum 98, 92
p011-c02	1	NO_MATCH	- 80
p011-c02	40	NO_MATCH	i Crepeius (?) 115, 70
p011-c02	46	NO_MATCH	, eretare 84, 85
p011-c02	54	NO_MATCH	! criminosus homo 32, 91*
p011-c02	57	NO_MATCH	(cris 19, 34
p011-c03	16	NO_MATCH	* erux 56, 83
p011-c03	38	NO_MATCH	, cucuma 101, 65
p011-c03	94	NO_MATCH	! eumbulae 110, 59
p012-c00	4	NO_MATCH	cur v. qur Ir
p012-c00	27	NO_MATCH	cydonium v. cetonium d
p012-c00	36	NO_MATCH	'eynum e. coenum (d
p012-c00	42	NO_MATCH	p. E
p012-c00	74	NO_MATCH	Comra, not. tir.
p012-c01	8	NO_MATCH	"nus 116, 2 decre
p012-c01	30	NO_MATCH	eas V, 96 dedu
p012-c01	46	NO_MATCH	ecemviri legibus iudicandis defite
p012-c01	50	NO_MATCH	dicandis deflec
p012-c01	51	NO_MATCH	ecemviri sthtibus iudiean- deflet
p012-c02	2	NO_MATCH	(67, 84 deimeeps
p012-c02	11	NO_MATCH	‘io 57, 49 deis 8,
p012-c02	14	NO_MATCH	$us 21, 56 delabitui
p012-c02	38	NO_MATCH	; 22, 67 delusit 3
p012-c02	39	NO_MATCH	sus O4, 51 demanda
p012-c02	44	NO_MATCH	üt 75,12 ! demergit
p012-c02	45	NO_MATCH	T4, 14 . demersit
p012-c02	68	NO_MATCH	rat, 96, 18 den 6T.
p012-c03	10	NO_MATCH	is(?) 81, 02
p012-c03	11	NO_MATCH	B
p012-c03	12	NO_MATCH	(«usa 122, 192
p012-c03	13	NO_MATCH	O31, 41
p012-c03	15	NO_MATCH	AT, 51
p012-c03	19	NO_MATCH	, 96
p012-c03	32	NO_MATCH	, 11
p012-c03	37	NO_MATCH	)0, 15*
p012-c03	48	NO_MATCH	(2, 90
p012-c03	57	NO_MATCH	(0, 08
p012-c03	58	NO_MATCH	(213,20?
p012-c03	62	NO_MATCH	Paba, D2
p012-c03	68	NO_MATCH	i ^
p012-c03	70	NO_MATCH	o, 11
p012-c03	76	NO_MATCH	A
p013-c00	18	NO_MATCH	de pecunia petentes
p013-c00	19	NO_MATCH	de pecunia requirentes
p013-c00	22	NO_MATCH	depeüt 23, 103*
p013-c00	47	NO_MATCH	de quacunque libet
p013-c01	4	NO_MATCH	' desidiosus 50, £6
p013-c01	7	NO_MATCH	: desilit, desiliit 18, 36?
p013-c01	8	NO_MATCH	' desim. 10, 12
p013-c01	17	NO_MATCH	degit, 10, 11
p013-c01	24	NO_MATCH	,99 destituit 24, 63
p013-c01	25	NO_MATCH	: destitutum 24, 71
p013-c01	48	NO_MATCH	' detersit 49, 9
p013-c01	49	NO_MATCH	! detexit. 80, 10?
p013-c01	50	NO_MATCH	, detextum. 80, 28
p013-c01	54	NO_MATCH	! detorret. 92, 30
p013-c01	58	NO_MATCH	' detrectat 35, 48
p013-c01	64	NO_MATCH	. detulit. 22, 84
p013-c01	69	NO_MATCH	! deus & 66
p013-c01	70	NO_MATCH	‘dens noster 47, 67
p013-c01	71	NO_MATCH	deüter 6, 23
p013-c01	72	NO_MATCH	, Deuteronomium 6,23*:I1
p013-c01	74	NO_MATCH	, devastat 82, 86
p013-c02	1	NO_MATCH	—
p013-c02	5	NO_MATCH	, deversus 28, 0
p013-c02	24	NO_MATCH	, destrorsus 10, 38
p013-c02	31	NO_MATCH	' dialecticus 90, 20
p013-c02	37	NO_MATCH	dibia (?) 118, 28
p013-c02	46	NO_MATCH	, dietator 36, 96
p013-c02	70	NO_MATCH	diffügit 26, 25
p013-c03	3	NO_MATCH	, digita v. diaeta
p013-c03	4	NO_MATCH	! digitale 78, 58
p013-c03	51	NO_MATCH	! Dionysius 116, 5
p013-c03	52	NO_MATCH	dipampinum (?) 105, 51*
p013-c03	57	NO_MATCH	direxit, 50, 98
p013-c03	75	NO_MATCH	L]
p013-c03	76	NO_MATCH	‘
p014-c00	29	NO_MATCH	diseditiosus v. desidiosus di
p014-c00	64	NO_MATCH	disrudis v. diit di
p014-c01	52	NO_MATCH	urnum -£4, 64 Domi
p014-c01	66	NO_MATCH	vexit, £2, 6° donat
p014-c01	68	NO_MATCH	duum (1,1 donat
p014-c02	3	NO_MATCH	Be, Be) ; dossuin
p014-c02	31	NO_MATCH	ilum £7, 61 ; dulcissim
p014-c02	41	NO_MATCH	i0 glorioso +47, 69*; duodecim
p014-c02	50	NO_MATCH	nus lesus — Christus durescit
p014-c02	51	NO_MATCH	), 69? Durocorte
p014-c02	52	NO_MATCH	ns noster £7, 66 durum:
p014-c02	58	NO_MATCH	) duxit 7, -
p014-c02	63	NO_MATCH	£7, 56
p014-c02	72	NO_MATCH	í 83,1? eandem 9
p014-c03	13	NO_MATCH	I
p014-c03	15	NO_MATCH	)B, 77
p014-c03	16	NO_MATCH	E
p014-c03	20	NO_MATCH	(
p014-c03	31	NO_MATCH	(5, 13
p014-c03	33	NO_MATCH	, 12
p014-c03	35	NO_MATCH	(tum) 75, 15?
p014-c03	36	NO_MATCH	d
p014-c03	38	NO_MATCH	: 116, 9
p014-c03	39	NO_MATCH	. 105, 53
p014-c03	45	NO_MATCH	. 61, 62
p014-c03	47	NO_MATCH	[
p014-c03	49	NO_MATCH	ü 16,50
p014-c03	52	NO_MATCH	[7,83
p014-c03	54	NO_MATCH	i, 82
p015-c00	9	NO_MATCH	ebitudo v. hebetudo
p015-c00	29	NO_MATCH	edem (?) 3, 92
p015-c00	45	NO_MATCH	edubinm (?) 109, 38
p015-c01	4	NO_MATCH	) effügit 26, 27
p015-c01	19	NO_MATCH	Egius (?) 116, 13
p015-c01	21	NO_MATCH	eglidriae (?) 102, 6
p015-c01	23	NO_MATCH	! Egnatius 166, 10
p015-c01	30	NO_MATCH	‘ego enim disi 2,75". 7
p015-c01	37	NO_MATCH	, egomet ipse 2, 72
p015-c01	38	NO_MATCH	,egone 2, 70
p015-c01	39	NO_MATCH	,egone ipse 2, 73
p015-c01	42	NO_MATCH	, egreditur 44, 4T
p015-c01	57	NO_MATCH	‘el 18, 52
p015-c01	61	NO_MATCH	'elanguet 112, 35
p015-c01	64	NO_MATCH	. 127, 55; 181, 55
p015-c01	69	NO_MATCH	d, 45 — elegit 25, 65
p015-c01	74	NO_MATCH	Ehachim r. Heliachim
p015-c02	1	NO_MATCH	&
p015-c02	17	NO_MATCH	elogi (?) 76, 34*
p015-c02	33	NO_MATCH	(6! emancipat 44, 91
p015-c02	50	NO_MATCH	! emino 14, 12
p015-c02	51	NO_MATCH	,eminus 25, 3
p015-c02	52	NO_MATCH	, emisit 23, 26
p015-c02	57	NO_MATCH	emittit, 23, 12
p015-c02	65	NO_MATCH	' emus 15, 98
p015-c02	67	NO_MATCH	, emutat 31, 12!
p015-c02	69	NO_MATCH	! enervat. 65, 88
p015-c02	72	NO_MATCH	encoma r. enchyma
p015-c02	75	NO_MATCH	,euecat 75, 21
p015-c03	48	NO_MATCH	(eo quod femina 122, 216
p015-c03	58	NO_MATCH	, eorundem 89, 38
p015-c03	65	NO_MATCH	Ephraim (r. Effraim, Efraim,
p015-c03	66	NO_MATCH	Effrem, Efrem) 125,46
p015-c03	72	NO_MATCH	; epigramma 76, 32 [
p015-c03	73	NO_MATCH	! epigroma 76, 31 :
p015-c03	78	NO_MATCH	]
p016-c00	1	NO_MATCH	epimeris (4 e. ephimeris) e
p016-c00	4	NO_MATCH	epipampinum (?) 105, 50* e
p016-c00	13	NO_MATCH	Epitectum v. Epiterpum E
p016-c00	16	NO_MATCH	epitohum v. emitolium
p016-c00	42	NO_MATCH	] ere 13, 86 e
p016-c00	63	NO_MATCH	erenascis v. erinaceus ]
p016-c00	65	NO_MATCH	) eripit 46, 48 ic
p016-c00	68	NO_MATCH	)) erodit 102, 74° [
p016-c00	76	NO_MATCH	'
p016-c01	11	NO_MATCH	rycina s8, 40; 96, 96 Euro
p016-c01	63	NO_MATCH	tiamum (?) 1, 61° exar
p016-c01	73	NO_MATCH	Zueus (?) 124, 134; 125, exea
p016-c02	6	NO_MATCH	. (i. e, heu me) 119, 42 excellet
p016-c02	10	NO_MATCH	e. (Europe?) 88, 19 excerebr
p016-c02	17	NO_MATCH	; 125, 2; 131, 2 excipit .
p016-c02	23	NO_MATCH	escit €4, 59 exams
p016-c02	46	NO_MATCH	üt 75, 84 exédit 1
p016-c02	47	NO_MATCH	üt 95, 30 exedit 1
p016-c02	49	NO_MATCH	Q6 ! exegit *
p016-c03	6	NO_MATCH	(0,55
p016-c03	28	NO_MATCH	(1, 42
p016-c03	62	NO_MATCH	$9, 28
p016-c03	64	NO_MATCH	, 13, 39
p016-c03	76	NO_MATCH	Sus ws N
p016-c03	88	NO_MATCH	L00, 35
p016-c03	112	NO_MATCH	. 66, 49
p016-c03	114	NO_MATCH	. 66, 50
p016-c03	128	NO_MATCH	te TO, a
p016-c03	134	NO_MATCH	S, 88
p016-c03	138	NO_MATCH	Q8
p016-c03	144	NO_MATCH	xilüt 13, s?
p017-c00	69	NO_MATCH	exportat Y, 21
p017-c01	14	NO_MATCH	! exsarcit. 80, 84
p017-c01	16	NO_MATCH	, exsarsit, 80, 85
p017-c01	24	NO_MATCH	, exscissum. 82, 70
p017-c01	32	NO_MATCH	! exsecrat. 64, 37
p017-c01	47	NO_MATCH	! exsorbit 105, 87
p017-c01	57	NO_MATCH	, 12 exstat 24, 15?
p017-c01	68	NO_MATCH	exsurdat, 97, 56
p017-c01	87	NO_MATCH	,99* extentus 12,5
p017-c01	100	NO_MATCH	extersit £9, 10
p017-c01	115	NO_MATCH	'extorret 92,28
p017-c01	116	NO_MATCH	extorsit $8, 87
p017-c02	1	NO_MATCH	———
p017-c03	18	NO_MATCH	Farisaeus (— eus) 120, 8;
p017-c03	21	NO_MATCH	. farrago 68,27
p017-c03	34	NO_MATCH	' fastidit 56, 49
p017-c03	39	NO_MATCH	fastus v. faustus
p018-c00	26	NO_MATCH	Feronia v. Feruna
p018-c00	33	NO_MATCH	] fert 22, 63 x
p018-c00	36	NO_MATCH	"ferula 74, 55
p018-c00	37	NO_MATCH	Feruna Be, 0G MH
p018-c00	41	NO_MATCH	! fervor 102, 44
p018-c00	45	NO_MATCH	fesünat 57, 70 1
p018-c00	56	NO_MATCH	& 17,102; 19, 11 [
p018-c01	1	NO_MATCH	= oe
p018-c01	73	NO_MATCH	]juxa 94, 11 frau
p018-c02	4	NO_MATCH	; 82, 40 fremitu:
p018-c02	30	NO_MATCH	üdolosus 43, 14 , frontali
p018-c02	55	NO_MATCH	"um 65, 96 fügit 2
p018-c02	70	NO_MATCH	"monum 33, 43* fuligo
p018-c02	72	NO_MATCH	s v1, 41 fulment
p018-c03	2	NO_MATCH	d, 11
p018-c03	3	NO_MATCH	J5, 80
p018-c03	4	NO_MATCH	; 94, 81
p018-c03	26	NO_MATCH	(28, 50
p018-c03	29	NO_MATCH	‘At 104, 87
p018-c03	33	NO_MATCH	; 178,50
p018-c03	42	NO_MATCH	. 40, 30”
p018-c03	52	NO_MATCH	LO4, 83
p018-c03	59	NO_MATCH	,91; 94, 1
p018-c03	75	NO_MATCH	[323.14
p019-c00	69	NO_MATCH	(Gaius Fannius 116,
p019-c00	72	NO_MATCH	' Gaius Verres 116, 2
p019-c01	3	NO_MATCH	‘Galaticus 88, 89
p019-c01	4	NO_MATCH	; Galba 38, 88
p019-c01	6	NO_MATCH	galenum v. calenum
p019-c01	28	NO_MATCH	gánnapum v. gaunacum
p019-c01	29	NO_MATCH	! gausapum 97, 96
p019-c01	33	NO_MATCH	Geb corr. Seb vel Zeb
p019-c01	34	NO_MATCH	! Gebal 123, 242
p019-c01	36	NO_MATCH	' Gedeon 119, 88%; 121,
p019-c01	38	NO_MATCH	' 57; 151, 60
p019-c01	39	NO_MATCH	. gehenna 69, 35°; 127,
p019-c01	40	NO_MATCH	'Gelasius 116, 53
p019-c01	44	NO_MATCH	_gemellus 61, 99
p019-c01	46	NO_MATCH	. gemiscit 61, 95
p019-c01	58	NO_MATCH	,genesius 58,94?
p019-c01	62	NO_MATCH	, 42 genialis 28, 61
p019-c01	66	NO_MATCH	‘gems 28, 65
p019-c01	69	NO_MATCH	‘genus 28,55
p019-c01	72	NO_MATCH	, 49 Gergesaeus (Gergeseus) :
p019-c02	8	NO_MATCH	, germanus 233, 94; 86, 23
p019-c02	9	NO_MATCH	, 06; germen 105, 65
p019-c02	13	NO_MATCH	(,38;; ges 17, 11
p019-c02	15	NO_MATCH	(,4 gestat 26, 76
p019-c02	17	NO_MATCH	gesticulatur (— or?) 26, 78
p019-c02	67	NO_MATCH	. Gorgon 116, 51
p019-c02	68	NO_MATCH	'Gorgonius 116, 49
p019-c02	70	NO_MATCH	! gorum 17, 19
p019-c02	72	NO_MATCH	, grabatum 101, 25
p019-c02	73	NO_MATCH	[20, Gracchus 116, 42
p019-c02	75	NO_MATCH	, gracilissimus 40, 16
p019-c03	3	NO_MATCH	, gradarius 44, 45
p019-c03	30	NO_MATCH	» grande malum 60, 66”
p019-c03	36	NO_MATCH	grandis modis (?) 60, 64
p019-c03	38	NO_MATCH	grandismodis pecunia (?) 60,
p019-c03	112	NO_MATCH	(gus 17, 17
p019-c03	126	NO_MATCH	'gymnosophistes 108, 15
p020-c00	1	NO_MATCH	H. .
p020-c00	14	NO_MATCH	habitudo v. hebetudo
p020-c00	25	NO_MATCH	haebicadium v. hemicadium
p020-c00	74	NO_MATCH	le TUERI]
p020-c00	75	NO_MATCH	Comm, not. tir.
p020-c01	1	NO_MATCH	—5: ds)
p020-c01	18	NO_MATCH	Heliachim116,70*; 132,135 Hie
p020-c01	25	NO_MATCH	Helisabeth (v. Elisabeth) e
p020-c01	28	NO_MATCH	Helisaeus (Helisens v. Eli- Hie
p020-c01	39	NO_MATCH	Henoch v. Enoc Me
p020-c01	44	NO_MATCH	Herba v. Herbita Ep
p020-c01	59	NO_MATCH	her ££, 81 Hip
p020-c01	60	NO_MATCH	herix rv. ceryx hip)
p020-c01	71	NO_MATCH	Hesdras r. Esdras hin
p020-c01	73	NO_MATCH	hesternum ££, 82 his
p020-c01	80	NO_MATCH	hibria (?) 92, 52* His
p020-c02	6	NO_MATCH	MSS ip historio
p020-c02	8	NO_MATCH	- faciunt — notas SA
p020-c02	9	NO_MATCH	) 123,269; 197,1; histrio
p020-c02	13	NO_MATCH	umaea (7. Idunaea) 123, po
p020-c02	16	NO_MATCH	B e Y holerati
p020-c02	18	NO_MATCH	— (v. Ieremias) 121, es
p020-c02	19	NO_MATCH	à i 29; holus 1
p020-c02	21	NO_MATCH	: mni (s 1 ae
p020-c02	22	NO_MATCH	at r. Hieronymus (?) s
p020-c02	23	NO_MATCH	[ € 9 M
p020-c02	25	NO_MATCH	rohoam. v. feroboam dk
p020-c02	27	NO_MATCH	oherix v. Hüeispenmys ponis
p020-c02	31	NO_MATCH	aaa honorat
p020-c02	33	NO_MATCH	osalpinetes QUT, ib ono
p020-c02	37	NO_MATCH	u v. Iehu . "
p020-c02	40	NO_MATCH	LP n , horreur
p020-c02	41	NO_MATCH	€ as ' horxibil
p020-c02	42	NO_MATCH	turges (?) 88,1 n
p020-c02	43	NO_MATCH	imum r. cleaners cane
p020-c02	44	NO_MATCH	ba(?) 99, 78 a
p020-c02	45	NO_MATCH	ülear 116, 56 » rs
p020-c02	46	NO_MATCH	üleo 116, 57 aria
p020-c02	47	NO_MATCH	mm ; horum
p020-c02	53	NO_MATCH	j»dama Muh 2 9 Mad
p020-c02	54	NO_MATCH	podamus TUS ee wx
p020-c02	56	NO_MATCH	»omanes 108, 37 iba
p020-c02	57	NO_MATCH	pomenes me hostieu.
p020-c02	68	NO_MATCH	- 1 huiusce
p020-c02	69	NO_MATCH	STER, huiusee
p020-c02	70	NO_MATCH	ME huiusm
p020-c02	71	NO_MATCH	S: 5 !huiusni
p020-c02	72	NO_MATCH	a "n i. huins
p020-c02	75	NO_MATCH	panus m5, 56
p020-c03	6	NO_MATCH	grafus Th, 18
p020-c03	21	NO_MATCH	à 55,11
p020-c03	22	NO_MATCH	'0, 37
p020-c03	25	NO_MATCH	ins ». omousius
p020-c03	34	NO_MATCH	"polis ». orchitopoles
p020-c03	40	NO_MATCH	à 96, 13
p020-c03	42	NO_MATCH	s T4, 96
p020-c03	50	NO_MATCH	s, 89
p020-c03	56	NO_MATCH	> 18,8307
p020-c03	57	NO_MATCH	lus £8, 40
p020-c03	58	NO_MATCH	(o n4. 12
p020-c03	60	NO_MATCH	is, 59
p020-c03	62	NO_MATCH	. 42
p020-c03	64	NO_MATCH	Il: m 10
p020-c03	67	NO_MATCH	[. 31
p020-c03	68	NO_MATCH	(4,33
p020-c03	71	NO_MATCH	(4,24
p020-c03	76	NO_MATCH	Qs)
p021-c00	9	NO_MATCH	hupicum v. opicum
p021-c00	30	NO_MATCH	labin v. Zabin
p021-c00	53	NO_MATCH	ianctat v. lentai
p021-c00	54	NO_MATCH	ianctaculum v. lenta
p021-c00	55	NO_MATCH	iauctator v. ientator
p021-c00	63	NO_MATCH	Iafeth (Iapeth Iaphe
p021-c01	4	NO_MATCH	‘icon 78, 11
p021-c01	6	NO_MATCH	; iconium 78, 12
p021-c01	7	NO_MATCH	‘ictericus 111, 69
p021-c01	8	NO_MATCH	‘ictus 67, 24
p021-c01	10	NO_MATCH	' dacia 86, 77
p021-c01	17	NO_MATCH	Idensiaeus (?) 93, 61
p021-c01	36	NO_MATCH	‘idus maias 63,8
p021-c01	38	NO_MATCH	,34 idus novembres 63, 14
p021-c01	40	NO_MATCH	[27, 8; idus quinüles 63, 16
p021-c01	41	NO_MATCH	! idus septembres 65, 12
p021-c01	45	NO_MATCH	, 124; iecit 19, 12
p021-c01	51	NO_MATCH	/2, 166 ientat 103, 6
p021-c01	54	NO_MATCH	^— 194,99; 125,61; 131
p021-c01	55	NO_MATCH	, leremias 124, 109; 125,
p021-c01	58	NO_MATCH	' Ieroboam 119, 76°; 120
p021-c01	59	NO_MATCH	(0 124,101; 125,71; 131
p021-c01	71	NO_MATCH	pe: 91, 78
p021-c02	1	NO_MATCH	iin.
p021-c02	10	NO_MATCH	ignorantüam 69, 81*
p021-c02	13	NO_MATCH	, ignosci 17, 95
p021-c02	16	NO_MATCH	‘ignovit 47, 96
p021-c02	18	NO_MATCH	/ii 1,81
p021-c02	29	NO_MATCH	(dium 78, 54°
p021-c02	31	NO_MATCH	(dla 7, 84
p021-c02	49	NO_MATCH	‘illo 7, 83
p021-c02	52	NO_MATCH	‘illoram 8, 22
p021-c02	62	NO_MATCH	[illud tempus 20, 33*
p021-c02	82	NO_MATCH	‘imbecillis 68, 66
p021-c02	87	NO_MATCH	, 22 imini 14,7
p021-c02	89	NO_MATCH	, imitatur 80, 69
p021-c02	91	NO_MATCH	(71; ,immolat 71, 63
p021-c02	92	NO_MATCH	, 24 imperat 38, GO
p021-c02	96	NO_MATCH	imperator Augustus Caesai
p021-c02	100	NO_MATCH	. manuicus 38, 68
p021-c02	102	NO_MATCH	,imperator Caesar 38, 62
p021-c02	104	NO_MATCH	, imperator Caesar Augustu:
p021-c02	106	NO_MATCH	, Germanicus 38, 10
p021-c02	107	NO_MATCH	imperator Caesar Augustu:
p021-c02	109	NO_MATCH	Germanicus pontifex ma.
p021-c02	110	NO_MATCH	ximus, tribuniciae pote
p021-c03	1	NO_MATCH	! imperator Germanicus 38, 66
p021-c03	2	NO_MATCH	"imperator Hadrianus 39, 16
p021-c03	7	NO_MATCH	) imperialis 38, 59
p021-c03	10	NO_MATCH	imperüt 66, ¢0
p021-c03	26	NO_MATCH	in África 84, 73
p021-c03	27	NO_MATCH	(in agro 37,29
p021-c03	32	NO_MATCH	(in animo 27, 68
p021-c03	41	NO_MATCH	(in breviarmm 4, 41°
p021-c03	46	NO_MATCH	[im capite 44, 11?
p021-c03	62	NO_MATCH	. incessit 11, 19
p021-c03	65	NO_MATCH	- in choro 106, 81?
p021-c03	70	NO_MATCH	; incipit 10, 60
p021-c03	72	NO_MATCH	. incisus 11, 64 .
p021-c03	75	NO_MATCH	I
p021-c03	76	NO_MATCH	g
p022-c00	2	NO_MATCH	. inclinat 66, 73 Y
p022-c00	26	NO_MATCH	: in conspectu hominum 26,55 ib
p022-c00	49	NO_MATCH	] incumbit 81,39 i
p022-c00	55	NO_MATCH	[ ineusat 30, 71 E
p022-c00	59	NO_MATCH	‘ mdagat 55,7 i
p022-c00	72	NO_MATCH	in dicione £3, 54 i
p022-c01	1	NO_MATCH	——— ll
p022-c01	38	NO_MATCH	ndus v. Indas infus
p022-c01	54	NO_MATCH	ners (?) 53, 20 in G
p022-c02	57	NO_MATCH	ditur £4, 51 in menti
p022-c02	59	NO_MATCH	üt 89, 80 inmeren:
p022-c02	69	NO_MATCH	erusalem60,32;119,39* inmobili:
p022-c03	6	NO_MATCH	[, 73
p022-c03	10	NO_MATCH	.10
p022-c03	17	NO_MATCH	m at, 32
p022-c03	19	NO_MATCH	ne flumina (— ne)
p022-c03	20	NO_MATCH	)("
p022-c03	25	NO_MATCH	. 97, A0
p022-c03	29	NO_MATCH	y gu
p022-c03	50	NO_MATCH	j0, 16%
p022-c03	61	NO_MATCH	wos, 8g?
p022-c03	73	NO_MATCH	n (2,65
p022-c03	74	NO_MATCH	^ 49, AT
p022-c03	75	NO_MATCH	om vénit 49,58
p022-c03	88	NO_MATCH	Pate!
p023-c00	18	NO_MATCH	in nostra praesentia
p023-c00	30	NO_MATCH	in occulto TO, 4?
p023-c00	53	NO_MATCH	inpatiens $2, 51
p023-c00	70	NO_MATCH	in periculo maximo
p023-c00	72	NO_MATCH	in perpetuum TO, 1
p023-c01	1	NO_MATCH	‘inpiget 89, 74?
p023-c01	2	NO_MATCH	,inpingit 66, 15
p023-c01	7	NO_MATCH	‘inplet 29, 15
p023-c01	8	NO_MATCH	; Inplicat. 76, 5
p023-c01	9	NO_MATCH	‘inplorat 74, 18
p023-c01	10	NO_MATCH	! inponit. 23, 62
p023-c01	11	NO_MATCH	‘in popina 95, 96
p023-c01	12	NO_MATCH	‘inportat 7, 22
p023-c01	13	NO_MATCH	‘inportunus 89, 52
p023-c01	21	NO_MATCH	‘in praesentia nostra 122,
p023-c01	29	NO_MATCH	^ dnprimit 24, 8
p023-c01	30	NO_MATCH	‘in principio 52,15
p023-c01	32	NO_MATCH	‘inproperat 57, 73°
p023-c01	36	NO_MATCH	'inprovidus 25, 46
p023-c01	37	NO_MATCH	; inproviso 43, 68^
p023-c01	38	NO_MATCH	, inprudens 52,53
p023-c01	39	NO_MATCH	. inprudenüssimus 52, 5.
p023-c01	41	NO_MATCH	‘in publico iudicio 60, (
p023-c01	43	NO_MATCH	' inpudet 52. 13*
p023-c01	60	NO_MATCH	inquonabulum r. inquin
p023-c01	63	NO_MATCH	‘in quorum praesentia
p023-c01	65	NO_MATCH	'inqurvab 91, 74*
p023-c01	68	NO_MATCH	) in regno 122,135
p023-c01	71	NO_MATCH	inreprobabilis (?) 19, 10
p023-c01	72	NO_MATCH	;in republica 5, 71; 59
p023-c01	74	NO_MATCH	(dnrigat 73, 33
p023-c02	2	NO_MATCH	‘inriguum 73, 32
p023-c02	3	NO_MATCH	‘inritat 94, 25
p023-c02	8	NO_MATCH	,inrupit 46, 64*
p023-c02	12	NO_MATCH	^in sagina 98, 22
p023-c02	13	NO_MATCH	,insanies 74, 10?
p023-c02	20	NO_MATCH	,inscus 21,87
p023-c02	25	NO_MATCH	‘insectatur 19, 27
p023-c02	36	NO_MATCH	‘inserit 57, 94
p023-c02	39	NO_MATCH	,insevit 57, 38
p023-c02	42	NO_MATCH	, insidiae 29, 84
p023-c02	48	NO_MATCH	‘in Sion 58,588; 119,61*
p023-c02	51	NO_MATCH	“insitnm 21,42
p023-c02	58	NO_MATCH	‘insorbit 103, 86*
p023-c02	63	NO_MATCH	,inspirat 53, 97
p023-c02	72	NO_MATCH	O0? instilit 24, 57
p023-c02	73	NO_MATCH	, 95 institor. 55, 13
p023-c03	24	NO_MATCH	‘int 15, 65
p023-c03	26	NO_MATCH	[intellegit 25, 79
p023-c03	48	NO_MATCH	linter cives et peregrinos
p023-c03	50	NO_MATCH	inter cives, peregrinos 6 7,59"
p023-c03	53	NO_MATCH	, interdicit 6, 67
p023-c03	54	NO_MATCH	,interdidit 12, 79"
p023-c03	58	NO_MATCH	interémit 27,5
p023-c03	65	NO_MATCH	interiit, 13, 12
p023-c03	75	NO_MATCH	[
p024-c00	18	NO_MATCH	intervénit 20, 45 i
p024-c00	50	NO_MATCH	; imtroitus 51, 66 m
p024-c00	52	NO_MATCH	! intromissus 23, 404 ic
p024-c01	1	NO_MATCH	T5
p024-c01	2	NO_MATCH	nuülis 24, 95 iore
p024-c01	15	NO_MATCH	nvénit 20, 44 i
p024-c01	17	NO_MATCH	»ventus 20, 59 1:
p024-c01	53	NO_MATCH	)cinera 79, 14 am
p024-c01	54	NO_MATCH	/icosus 15, 81 , Isma
p024-c01	55	NO_MATCH	'cundus 30, 2 12
p024-c02	7	NO_MATCH	[7, 39 Isubrius
p024-c02	11	NO_MATCH	/1, 44; 124, 148; 125, Italia te
p024-c02	12	NO_MATCH	/s 131,47 . ; Italicus
p024-c02	14	NO_MATCH	j1, 66 j tane 2,
p024-c02	15	NO_MATCH	» 121, 78; 124, 91; itaque &
p024-c02	17	NO_MATCH	. 81, 64 rita tand
p024-c02	19	NO_MATCH	optimusmaximus81,79 ita uti
p024-c02	23	NO_MATCH	[S, 71 iem 3,
p024-c02	24	NO_MATCH	&), ao itemque
p024-c02	25	NO_MATCH	L2, 99 iter 38,
p024-c02	37	NO_MATCH	; 125,26; 131, 33 35; 1.
p024-c02	44	NO_MATCH	ieus B84, 7 iudicio qj
p024-c02	52	NO_MATCH	; 181, 36 ingulat-
p024-c02	60	NO_MATCH	(86 iunctura
p024-c02	69	NO_MATCH	, 41 lupiter
p024-c02	74	NO_MATCH	BED imveiuran
p024-c03	5	NO_MATCH	, 06
p024-c03	10	NO_MATCH	i, 98!
p024-c03	11	NO_MATCH	rrà 34,97
p024-c03	15	NO_MATCH	, 13
p024-c03	22	NO_MATCH	"DES
p024-c03	27	NO_MATCH	, 94
p024-c03	33	NO_MATCH	, 85
p024-c03	36	NO_MATCH	,,96; 124, 14; 125,
p024-c03	42	NO_MATCH	i?)
p024-c03	52	NO_MATCH	(1, 66
p024-c03	61	NO_MATCH	O4, 19
p024-c03	62	NO_MATCH	y NT
p024-c03	69	NO_MATCH	optimus maximus
p024-c03	70	NO_MATCH	[
p024-c03	75	NO_MATCH	a4
p025-c00	4	NO_MATCH	Iurisaeus (— eus)
p025-c00	29	NO_MATCH	kalendae augustae
p025-c00	30	NO_MATCH	kalendae decembre:
p025-c00	31	NO_MATCH	kalendae febrnaria
p025-c00	32	NO_MATCH	kalendae ianuaxiae
p025-c00	36	NO_MATCH	kalendae martiae (
p025-c00	37	NO_MATCH	kalendae novembre
p025-c00	38	NO_MATCH	kalendae octobres
p025-c00	39	NO_MATCH	kalendae quintiles
p025-c00	40	NO_MATCH	kalendae septembre
p025-c00	45	NO_MATCH	Lh.
p025-c01	16	NO_MATCH	laetos et sanos vos vide
p025-c01	26	NO_MATCH	' 80; 131, 14
p025-c01	30	NO_MATCH	; 62, 80. Jampadium 101, 99
p025-c01	31	NO_MATCH	> 62, 70 lampas 101, 98
p025-c01	33	NO_MATCH	, 15 lancea 77, 63
p025-c01	49	NO_MATCH	Lapsacenus, Lapsacu
p025-c01	50	NO_MATCH	Labsacenus, Labsaci
p025-c01	51	NO_MATCH	lapsus £7, 15
p025-c01	55	NO_MATCH	. aridum 103, 69
p025-c01	56	NO_MATCH	,Laris 94, 41
p025-c01	60	NO_MATCH	‘las 17, 46
p025-c01	63	NO_MATCH	'Jaseratum 104, 57
p025-c01	64	NO_MATCH	‘Jasernacum 104, 59
p025-c01	67	NO_MATCH	,lassitudo 71, 52
p025-c01	74	NO_MATCH	: latex 57,131
p025-c02	1	NO_MATCH	— 94
p025-c02	43	NO_MATCH	_lectisternium 97, 69
p025-c02	57	NO_MATCH	! Lemovix 87, 15
p025-c03	8	NO_MATCH	letatura (li —?) 71, 61*
p025-c03	20	NO_MATCH	'leviathan 128, 58
p025-c03	28	NO_MATCH	, lex catholica 120,52; 124,37
p025-c03	29	NO_MATCH	[E 17,49; 19, 17
p025-c03	31	NO_MATCH	! Lia 194, 87; 127, 50
p025-c03	43	NO_MATCH	liber (subst) v6, 19
p025-c03	58	NO_MATCH	" Hhbra 101, T+
p025-c03	75	NO_MATCH	i
p026-c00	23	NO_MATCH	liucis v. lyncis i
p026-c00	24	NO_MATCH	; lhmneus v. lenaeus
p026-c00	42	NO_MATCH	. hos 15,99
p026-c00	51	NO_MATCH	; liquor 113, 66
p026-c00	53	NO_MATCH	lita (?) 71, 61
p026-c00	54	NO_MATCH	( litargus 106, 10°
p026-c00	55	NO_MATCH	btat v. letat
p026-c00	56	NO_MATCH	lithargyrus v. litargus
p026-c00	57	NO_MATCH	. Hhthistrotum 101, 27
p026-c00	68	NO_MATCH	liueus v. luaeus
p026-c00	72	NO_MATCH	: hvet 70, 25 b
p026-c01	1	NO_MATCH	——— 05
p026-c01	76	NO_MATCH	lumen £7, 38 1
p026-c02	31	NO_MATCH	/jaonia 86, 12 magus
p026-c02	35	NO_MATCH	"rgus 106, 10 maioril
p026-c02	46	NO_MATCH	M an
p026-c02	48	NO_MATCH	T Malalie
p026-c02	54	NO_MATCH	'edonicus 86, 54 maledic
p026-c02	56	NO_MATCH	‘ellum 96, 76 maledic
p026-c02	59	NO_MATCH	'eries 100, 71 ! malefac
p026-c02	64	NO_MATCH	‘hinamentum 100, 70 malesai
p026-c02	71	NO_MATCH	ulentus £0, 79" , malo 2
p026-c03	4	NO_MATCH	: 106, 14
p026-c03	6	NO_MATCH	. 65, 10
p026-c03	11	NO_MATCH	à 100, 25
p026-c03	44	NO_MATCH	; 125, 96; 152, 155
p026-c03	48	NO_MATCH	] (Malalehel) 124,
p026-c03	75	NO_MATCH	ium Ot, ot
p026-c03	80	NO_MATCH	, (mammill) 19,
p027-c00	41	NO_MATCH	manumitüt 67, 78
p027-c00	57	NO_MATCH	Below Saal:
p027-c00	64	NO_MATCH	Marcus Porcius Cato
p027-c00	65	NO_MATCH	Marcus Porcius Laeca
p027-c00	68	NO_MATCH	Marcus Tullius Cicero
p027-c00	71	NO_MATCH	mare Hadriaticum
p027-c01	2	NO_MATCH	,94 Maria 119, 30; 121,
p027-c01	22	NO_MATCH	) Marucia 84, 40^
p027-c01	49	NO_MATCH	, 18; 125,126; 127,
p027-c01	50	NO_MATCH	. 129, 50; 182, 168
p027-c01	51	NO_MATCH	U , Matthias 124, 21; 129
p027-c01	61	NO_MATCH	,1i Maurus 9.4, 44
p027-c01	63	NO_MATCH	,14 Mavors 55, 71
p027-c01	66	NO_MATCH	, 17 maxilla 78,35
p027-c01	71	NO_MATCH	(11, 4. maximus 25, 27
p027-c01	72	NO_MATCH	,1 me 1, 45; 17, 60
p027-c01	74	NO_MATCH	, meae 8, 65
p027-c02	7	NO_MATCH	j9 meatus 51, 53°
p027-c02	10	NO_MATCH	.44; medela. 56, 42
p027-c02	20	NO_MATCH	! Mediolanum 84, 18
p027-c02	22	NO_MATCH	, 19 meditatur 81, 4
p027-c02	33	NO_MATCH	(meis 8, 32
p027-c02	36	NO_MATCH	Melchisedech (Melcisedech
p027-c02	44	NO_MATCH	, melos 76, 43
p027-c02	45	NO_MATCH	,929 membratim 79, 43
p027-c02	52	NO_MATCH	; 0l, meminit 53, 4
p027-c02	53	NO_MATCH	, Memmius 117, 20
p027-c02	54	NO_MATCH	.inemor 30, 14
p027-c02	56	NO_MATCH	, memoria 30, 16^
p027-c02	57	NO_MATCH	,men 16,11
p027-c02	60	NO_MATCH	, mendax 67,92
p027-c02	61	NO_MATCH	,mendieitas 40, 60
p027-c02	66	NO_MATCH	menfus (?) 106, 15
p027-c03	32	NO_MATCH	meorum &, 16
p027-c03	37	NO_MATCH	) mercatus 42, 96
p027-c03	39	NO_MATCH	, mercedarius 42, 29
p027-c03	48	NO_MATCH	! meretricium 35, 88
p027-c03	56	NO_MATCH	, mersit 72, 80
p027-c03	61	NO_MATCH	mesisula (?) 103, 63
p027-c03	70	NO_MATCH	metalles (?) 89, 798
p027-c03	76	NO_MATCH	_methodicus 107, 55?
p027-c03	81	NO_MATCH	I
p028-c00	1	NO_MATCH	j
p028-c00	2	NO_MATCH	-
p028-c00	18	NO_MATCH	}) Micipsa 117, 26 m
p028-c00	25	NO_MATCH	] miles 45, 88 M
p028-c00	27	NO_MATCH	) Miletopolis 88, 45 iM
p028-c00	39	NO_MATCH	i nünax 25, 16. m
p028-c00	40	NO_MATCH	? Minerva 81, 67 m
p028-c00	45	NO_MATCH	? miniolum 98, 90 : m
p028-c00	73	NO_MATCH	' miserrimus 40, 22 n
p028-c00	77	NO_MATCH	i Comm, not. tir.
p028-c01	8	NO_MATCH	iügat 79, 56 morti
p028-c01	37	NO_MATCH	olocorium e. malocorium mully
p028-c01	58	NO_MATCH	»0onopticus 106, 75 mult
p028-c01	65	NO_MATCH	)0nmmentíum 53, 62 Aum
p028-c01	74	NO_MATCH	iordeí 94, 50 mun
p028-c02	13	NO_MATCH	; 82, 89 musculus
p028-c02	14	NO_MATCH	; 31, 63 Musieus
p028-c02	23	NO_MATCH	) 77, 39 Mutinens
p028-c02	26	NO_MATCH	; 95,21 myoparo:
p028-c02	41	NO_MATCH	. familia 29, 72? nablum
p028-c02	42	NO_MATCH	. milia. 24, 104 Nabucho:
p028-c02	61	NO_MATCH	it r. mnlsüt 96, 45 nardifolu
p028-c03	2	NO_MATCH	s, 12
p028-c03	4	NO_MATCH	L0, 77
p028-c03	8	NO_MATCH	,060, 16
p028-c03	11	NO_MATCH	)9, 58
p028-c03	21	NO_MATCH	(8, 18
p028-c03	25	NO_MATCH	. £8, 16
p028-c03	29	NO_MATCH	)8, 100
p028-c03	30	NO_MATCH	)5, 14
p028-c03	37	NO_MATCH	à (r. Napdalta)
p028-c03	42	NO_MATCH	, 12
p028-c03	48	NO_MATCH	(Naum) 121, 10;
p028-c03	51	NO_MATCH	d
p028-c03	55	NO_MATCH	(r. Nabdalfa) 130,
p028-c03	60	NO_MATCH	IS.
p028-c03	61	NO_MATCH	. 96"; 16, 40*
p028-c03	63	NO_MATCH	; 13, 63!
p029-c00	23	NO_MATCH	Naum vr. Nahum
p029-c00	41	NO_MATCH	. 1288
p029-c00	55	NO_MATCH	nec ita muito ante
p029-c00	56	NO_MATCH	nec ita multo post
p029-c00	64	NO_MATCH	nectibus ». nyctelius
p029-c00	67	NO_MATCH	nefandarins £5, 17
p029-c01	7	NO_MATCH	+, 100; Nemeonices 108, 1
p029-c01	15	NO_MATCH	) ne opinans 58, 11
p029-c01	18	NO_MATCH	Nephtalem —— (Nephtha
p029-c01	22	NO_MATCH	(30, 28 nepticula 48, 77
p029-c01	33	NO_MATCH	.30, 31 nequior 51, 16
p029-c01	35	NO_MATCH	.80, 27 nequis 3, 49
p029-c01	39	NO_MATCH	(aa Nerva 39, 2
p029-c01	56	NO_MATCH	(1, 24 Neustralis 110, 74°
p029-c01	58	NO_MATCH	neüter 6, 22
p029-c01	59	NO_MATCH	a1 neve 2, 54
p029-c02	2	NO_MATCH	(25, nigrescit 78, 84
p029-c02	19	NO_MATCH	lim, nimis 47, 35
p029-c02	20	NO_MATCH	(21, nimis multum 47, 37
p029-c02	31	NO_MATCH	.28 Nisiobrix 87, 32
p029-c02	54	NO_MATCH	( nobis ipsis 9, 81
p029-c02	59	NO_MATCH	nobis, patres conscripti 9, 76
p029-c02	60	NO_MATCH	nobisque, patres conscripti
p029-c02	64	NO_MATCH	,13 nocens 34, 77
p029-c02	68	NO_MATCH	.123 nocturnalis 69, 5?
p029-c02	70	NO_MATCH	,10 nocuum 34, 78*
p029-c03	25	NO_MATCH	! nonae oetobres 62, 96
p029-c03	69	NO_MATCH	,non me hercules 68, 59
p029-c03	99	NO_MATCH	i
p030-c00	72	NO_MATCH	, Numidus 86, 18 (
p030-c00	73	NO_MATCH	) Numisius 117, 59; 130, 21 «
p030-c00	75	NO_MATCH	V
p030-c01	1	NO_MATCH	—— on
p030-c01	31	NO_MATCH	DO obse
p030-c01	32	NO_MATCH	iymphaticum (?) 113, 53 obse
p030-c01	53	NO_MATCH	)bet 121, 66 obsü
p030-c01	71	NO_MATCH	)blituit 57, 4 obtu
p030-c01	73	NO_MATCH	)blivio 69, 89 obul
p030-c01	75	NO_MATCH	)bmisit 23, 38? obvi
p030-c01	76	NO_MATCH	)bmitüt 23, 24* obvo
p030-c01	78	NO_MATCH	)bmutuit 82,92 oc 1
p030-c01	79	NO_MATCH	:bnoxius 81, 2 occa
p030-c02	24	NO_MATCH	cundatur (— or) 57,, Ocriculv
p030-c02	49	NO_MATCH	'epit 89, 45 odit 46,
p030-c02	50	NO_MATCH	"uctum 65, 34 o dius
p030-c02	55	NO_MATCH	ipefeoit YO, 91 offendit
p030-c03	13	NO_MATCH	(0, 5
p030-c03	25	NO_MATCH	», 63
p030-c03	37	NO_MATCH	,92
p030-c03	42	NO_MATCH	à milia 61, 77
p030-c03	45	NO_MATCH	.65, 47?
p030-c03	49	NO_MATCH	L6, 38
p030-c03	52	NO_MATCH	L06, 67
p030-c03	70	NO_MATCH	: 33, 67
p030-c03	74	NO_MATCH	E
p030-c03	76	NO_MATCH	; 88
p030-c03	77	NO_MATCH	i
p030-c03	85	NO_MATCH	, 18; 130, 58
p030-c03	88	NO_MATCH	, 60
p030-c03	89	NO_MATCH	, 15
p030-c03	90	NO_MATCH	. 18, 76
p031-c00	1	NO_MATCH	olla v. aula
p031-c00	9	NO_MATCH	omaius (?) 51, 78
p031-c00	57	NO_MATCH	oplectis v. oplopaect
p031-c00	71	NO_MATCH	optime de republica
p031-c00	73	NO_MATCH	optime de republica
p031-c01	1	NO_MATCH	optime de republica poy
p031-c01	14	NO_MATCH	, 99) oraculum 64, 52
p031-c01	21	NO_MATCH	) orbis totus 52, 96
p031-c01	24	NO_MATCH	(esu 52, 93
p031-c01	25	NO_MATCH	), 52 orchestra 106, 68
p031-c01	27	NO_MATCH	orcista v. orchestra
p031-c01	52	NO_MATCH	(51 [or 14, 97
p031-c01	66	NO_MATCH	O, 44 orticomita v. ortygomet
p031-c02	3	NO_MATCH	(8 Oscidates campestres 87, 80
p031-c02	21	NO_MATCH	, 2 ostiarius 55, 40; 100, 41
p031-c02	23	NO_MATCH	, 9 ostium 55, 39; 100, 40
p031-c02	48	NO_MATCH	I9 paedagogus 6, 33
p031-c02	56	NO_MATCH	(menula 97, 13
p031-c02	57	NO_MATCH	Paeryneus v. Pyrenaeus
p031-c02	68	NO_MATCH	SL, palatium 59, 84; 90, 56
p031-c02	73	NO_MATCH	Palinuster v. Palinurus
p031-c03	43	NO_MATCH	pannucularia v. pannoclaréa
p031-c03	76	NO_MATCH	!
p032-c00	1	NO_MATCH	parapsidus (i.c. parasitus) p
p032-c00	4	NO_MATCH	sidus ef paradisus p
p032-c00	29	NO_MATCH	] partus 91, 95 p
p032-c00	64	NO_MATCH	) patientia 32, 51* p
p032-c00	75	NO_MATCH	Comm. not. tir.
p032-c01	1	NO_MATCH	——- 101
p032-c01	56	NO_MATCH	eculus (?) 40, 99* perci
p032-c01	61	NO_MATCH	ederus x. paederos perec
p032-c01	70	NO_MATCH	'educaeus 117, 94 peret
p032-c02	1	NO_MATCH	"a 99, 23 perdicit
p032-c02	3	NO_MATCH	» 99, 22 perdidit
p032-c02	4	NO_MATCH	; 90, 58 perdit 1
p032-c02	5	NO_MATCH	)onnesum 117, 96 perdixit
p032-c02	7	NO_MATCH	um c. Peloponnesum perdoles:
p032-c02	15	NO_MATCH	v. Paean peregre
p032-c02	23	NO_MATCH	; 20, 104 perendin
p032-c02	24	NO_MATCH	; ipsum 60, 13* perennis
p032-c02	40	NO_MATCH	"ib 35,1 pertricat
p032-c02	41	NO_MATCH	"it 91, 94 perfriger
p032-c02	62	NO_MATCH	üreuitu 96, 20° periculos
p032-c02	71	NO_MATCH	currit: 27, 294 perinieui
p032-c02	80	NO_MATCH	leos deasque immortales per lege
p032-c03	11	NO_MATCH	; 39, 53
p032-c03	45	NO_MATCH	üentiam 32,14
p032-c03	84	NO_MATCH	, 13; 29, 52
p032-c03	85	NO_MATCH	?) 105, 72*
p033-c00	4	NO_MATCH	per memet ipsum
p033-c00	39	NO_MATCH	per prima pascha :
p033-c00	45	NO_MATCH	perrigit, perrexit, p
p033-c00	52	NO_MATCH	perscrutatur, 76, 1
p033-c01	11	NO_MATCH	» pertendit 11, 83
p033-c01	17	NO_MATCH	perümuit 45, 10
p033-c01	18	NO_MATCH	perünas 83, 67
p033-c01	34	NO_MATCH	perum c. pirum
p033-c01	42	NO_MATCH	pervénit 20, 53
p033-c01	48	NO_MATCH	i? pervigil. 63, 69
p033-c01	53	NO_MATCH	pessime de republica m
p033-c01	55	NO_MATCH	pessime de republica [
p033-c01	65	NO_MATCH	* pestinuntiae 25, 95
p033-c01	71	NO_MATCH	! petra 110, 8G
p033-c01	73	NO_MATCH	; Petreius 118, 18
p033-c02	1	NO_MATCH	- 102 —
p033-c02	3	NO_MATCH	petrotum (?) 107, 66
p033-c02	6	NO_MATCH	. 121, 109; 124, 10; 12
p033-c02	15	NO_MATCH	Pharisaeus (?) 134, 133
p033-c02	31	NO_MATCH	'Philomela 118, 22
p033-c02	37	NO_MATCH	Diironimans (zvoezrópevog
p033-c02	57	NO_MATCH	; 79; piaculum. 65, 45
p033-c03	5	NO_MATCH	*. pinguis 96, 88
p033-c03	11	NO_MATCH	pinula v. paenula
p033-c03	42	NO_MATCH	(6 pix 102, 10
p033-c03	44	NO_MATCH	pixies (pyxiespro—ides?)05,1
p033-c03	47	NO_MATCH	?) placat 64, 39
p033-c03	55	NO_MATCH	placula ve. plagula
p033-c03	87	NO_MATCH	Pledius (?) 117, 72
p034-c00	62	NO_MATCH	! pomiternm 105, 40 p
p034-c01	1	NO_MATCH	. 108
p034-c01	3	NO_MATCH	üfex 55, 25 pr
p034-c01	4	NO_MATCH	vomtifex — 55, E. M i
p034-c01	5	NO_MATCH	ionüfex noster 55, 95 j M
p034-c01	11	NO_MATCH	?opilius: 117, 77 post:
p034-c01	13	NO_MATCH	'oplites 79, ad post
p034-c01	16	NO_MATCH	'opulo plebique Romano 2: ? post
p034-c01	20	NO_MATCH	'opulus 23, 87 23. 88 pote
p034-c01	33	NO_MATCH	'orsenna. 118, 4 poti
p034-c01	39	NO_MATCH	orüo 91, 30 2 prae
p034-c01	44	NO_MATCH	oscit $5,9 prae
p034-c01	70	NO_MATCH	ost dies paucos M praec
p034-c02	11	NO_MATCH	'emum 61, 95 pracesni
p034-c02	15	NO_MATCH	"manus 117, 85^ praefata
p034-c02	20	NO_MATCH	: d, 65 praefect
p034-c02	21	NO_MATCH	s esse d, 73 pricfect
p034-c02	35	NO_MATCH	»cnit 73, 49 praeicit
p034-c02	36	NO_MATCH	requat v. peraequat praeiecit
p034-c02	45	NO_MATCH	“dit 11, 46 praemiu
p034-c02	54	NO_MATCH	]amat 56, 19* praenunt
p034-c02	62	NO_MATCH	ordia +4, 60 praeponi
p034-c02	64	NO_MATCH	rudescit £9, 25 praeposu
p034-c02	76	NO_MATCH	ücat 67, 9 praeserib
p034-c02	79	NO_MATCH	üssellum (27) 37, 94? — praesenta
p034-c03	6	NO_MATCH	nab At, 11
p034-c03	8	NO_MATCH	t6, 78
p034-c03	10	NO_MATCH	I8, 37
p034-c03	14	NO_MATCH	ü 102, 94)
p034-c03	21	NO_MATCH	r SM
p034-c03	40	NO_MATCH	(13, 54
p034-c03	54	NO_MATCH	. 00, 16°
p034-c03	80	NO_MATCH	[51,30
p034-c03	82	NO_MATCH	(0, 45
p034-c03	85	NO_MATCH	rum o1, 92
p034-c03	89	NO_MATCH	uim £5, 21"
p034-c03	93	NO_MATCH	PS, 247 1
p034-c03	96	NO_MATCH	am oo, 9S"
p034-c03	101	NO_MATCH	üt 7.6
p034-c03	105	NO_MATCH	XS \
p035-c00	6	NO_MATCH	praesidet, praesedit
p035-c00	10	NO_MATCH	praesolet r. persole
p035-c00	71	NO_MATCH	precum (?) 67, 4
p035-c00	76	NO_MATCH	,
p035-c01	2	NO_MATCH	, pressicium 24, 23
p035-c01	8	NO_MATCH	) Priamus 130, 72
p035-c01	10	NO_MATCH	Í prima feria 123, 226
p035-c01	19	NO_MATCH	) primordium 32, 8
p035-c01	29	NO_MATCH	prior palatio (?) 59, 8
p035-c01	49	NO_MATCH	: probrat 42, 69?
p035-c01	60	NO_MATCH	proceris z. proceres
p035-c02	1	NO_MATCH	- 104 — —
p035-c02	9	NO_MATCH	! prodesse 4, 56
p035-c02	13	NO_MATCH	) prodesset 4, 57
p035-c02	20	NO_MATCH	pro deum atque hominu
p035-c02	24	NO_MATCH	pro deum hominum fide
p035-c02	27	NO_MATCH	prodifragium v. podifragim
p035-c02	31	NO_MATCH	pro dü deaeque 58, 55
p035-c02	32	NO_MATCH	pro dii deaeque immortal
p035-c02	43	NO_MATCH	‘ profanum 58, 41; 74, 55
p035-c02	57	NO_MATCH	profügit 26, 25°
p035-c03	10	NO_MATCH	promentarium v. promptua-
p035-c03	21	NO_MATCH	n promitüt 23, 20
p035-c03	31	NO_MATCH	'5s pronomen 21, 78
p036-c00	1	NO_MATCH	w
p036-c00	68	NO_MATCH	providenüa 25, 47 p
p036-c00	84	NO_MATCH	: provolvit 75, 89 p
p036-c00	110	NO_MATCH	Comm. not tir.
p036-c00	112	NO_MATCH	i
p036-c01	26	NO_MATCH	ublius Scipio Africanus putea
p036-c01	31	NO_MATCH	udieiüa 52, 17 putet
p036-c01	53	NO_MATCH	ulenta v. pulmenta pyxis
p036-c01	72	NO_MATCH	umum ?. pomum quad
p036-c02	52	NO_MATCH	quam sir
p036-c02	54	NO_MATCH	quam si
p036-c02	55	NO_MATCH	Q. quam su
p036-c02	75	NO_MATCH	"ga 112, 76 quare 4,
p036-c03	8	NO_MATCH	üs 109, 96
p036-c03	13	NO_MATCH	Í
p036-c03	21	NO_MATCH	.9, 08
p036-c03	24	NO_MATCH	fe), 83)
p036-c03	32	NO_MATCH	, 29, 40
p036-c03	38	NO_MATCH	A6
p036-c03	53	NO_MATCH	. 3, 10
p036-c03	66	NO_MATCH	Sb oe)
p036-c03	72	NO_MATCH	, 16
p036-c03	81	NO_MATCH	"uuque 5. 19
p037-c00	21	NO_MATCH	quattuor evangelia ;
p037-c00	44	NO_MATCH	quibus civitatibus
p037-c00	47	NO_MATCH	quibuscumque causi
p037-c00	48	NO_MATCH	quibuscumque rebu
p037-c00	53	NO_MATCH	quibus fideiussoribu
p037-c00	60	NO_MATCH	quibuspiam rebus
p037-c00	62	NO_MATCH	quibus rebus civita
p037-c00	64	NO_MATCH	quibus rebus civitat
p037-c00	67	NO_MATCH	quicquam aliud qua
p037-c01	1	NO_MATCH	» quidpiam 3, 81
p037-c01	12	NO_MATCH	quindecimvin sacris fa
p037-c01	45	NO_MATCH	(90 quipiam 3, 66
p037-c01	46	NO_MATCH	} quippe 8, 82
p037-c01	48	NO_MATCH	: 9,92 Quirinalis 55, 68
p037-c01	50	NO_MATCH	, 89 Quirites 74, 43
p037-c01	56	NO_MATCH	? quisquam 9, 54
p037-c01	58	NO_MATCH	,90 quis umquam 3, 45?
p037-c01	60	NO_MATCH	)» 91 quocum 3, 18
p037-c01	66	NO_MATCH	, 48 quodeumque 5, 32
p037-c01	67	NO_MATCH	m49,49 quoddam 3, 33
p037-c01	74	NO_MATCH	(quondam 3,35
p037-c02	1	NO_MATCH	. 106 ——
p037-c02	3	NO_MATCH	quooque v. quousque
p037-c02	10	NO_MATCH	quorum. nomina reparation
p037-c02	11	NO_MATCH	subter tenentur insert
p037-c02	13	NO_MATCH	clen- quorum nomina subter te
p037-c02	15	NO_MATCH	dpecunm nomina vel signé
p037-c02	16	NO_MATCH	, eula subter tenentur ir
p037-c02	23	NO_MATCH	' quotquot v. quodquod
p037-c02	26	NO_MATCH	j? quousque tandem abuter
p037-c02	27	NO_MATCH	Catilina, patientia nostr
p037-c02	32	NO_MATCH	, 98 qurvat 91, 74
p037-c02	35	NO_MATCH	— rabbi 6, 32°
p037-c02	40	NO_MATCH	, 29° Rachel 119, 88°; 121, 31
p037-c02	41	NO_MATCH	, B2) 124,88; 125,49; 129, 6c
p037-c02	58	NO_MATCH	ramnus v. rhamnus
p037-c03	1	NO_MATCH	[
p037-c03	3	NO_MATCH	'rastrum 102, 79
p037-c03	8	NO_MATCH	rationabilis £2, 24
p037-c03	11	NO_MATCH	à rationator £2, 21
p037-c03	13	NO_MATCH	- ratiuncula 42, 19
p037-c03	15	NO_MATCH	- raucor 118,39*
p037-c03	16	NO_MATCH	- Rancus 118, 39; 130, 100
p037-c03	41	NO_MATCH	; recens 91, 16
p037-c03	42	NO_MATCH	; recenset 37, 8
p037-c03	49	NO_MATCH	recimus v. recinus
p037-c03	50	NO_MATCH	recinaculum v. retinaculum
p037-c03	72	NO_MATCH	recondit, recondidit 12, 89
p038-c00	1	NO_MATCH	t
p038-c00	2	NO_MATCH	‘ xecoxit 103, 54 n
p038-c00	6	NO_MATCH	‘ xecrevit 15, 46 re
p038-c00	13	NO_MATCH	- recumbit. 81, 40 n
p038-c00	23	NO_MATCH	recussit, 71, 48 x
p038-c00	38	NO_MATCH	redimit .26, 96 xi
p038-c00	57	NO_MATCH	referió 71, 71 ri
p038-c00	58	NO_MATCH	yefersus v. reversus n
p038-c01	1	NO_MATCH	— 107 -
p038-c01	4	NO_MATCH	jfügit 26, 25° rema
p038-c01	5	NO_MATCH	fügit 20, 99 reme
p038-c01	10	NO_MATCH	(fulsit 72, 6 reme
p038-c01	15	NO_MATCH	'gelat 110, 45 Remi
p038-c01	19	NO_MATCH	‘gio 38, 22 remii
p038-c01	21	NO_MATCH	'gionosus 38, 23 remi:
p038-c01	25	NO_MATCH	'enante in perpetuo Domino remo
p038-c01	36	NO_MATCH	:greditur 44, 52 remu
p038-c01	39	NO_MATCH	:gulus 27, 74 Renn
p038-c01	41	NO_MATCH	à 2,53; 8,31 remu
p038-c01	43	NO_MATCH	à familiantas 35, 97 renat
p038-c01	78	NO_MATCH	"naneipat 44, 22 repe
p038-c02	3	NO_MATCH	net, 30, 43 repenie
p038-c02	18	NO_MATCH	'rat 89, 72 repolit §
p038-c02	45	NO_MATCH	üt 74, 65 repurgat
p038-c02	49	NO_MATCH	us (4, 70% requies
p038-c02	51	NO_MATCH	is (4, 76° requievit
p038-c02	55	NO_MATCH	üt 113, 63 rer 14, ¢
p038-c02	71	NO_MATCH	ND reseiscit
p038-c02	79	NO_MATCH	"alum 9-£, 70°; 100, 44 dixeru
p038-c03	1	NO_MATCH	f
p038-c03	2	NO_MATCH	]
p038-c03	3	NO_MATCH	:
p038-c03	4	NO_MATCH	L
p038-c03	6	NO_MATCH	AT, 85
p038-c03	9	NO_MATCH	ü 71,73
p038-c03	11	NO_MATCH	i, 1
p038-c03	13	NO_MATCH	, 95
p038-c03	47	NO_MATCH	iblica, 5, 67
p038-c03	48	NO_MATCH	(1, 33
p038-c03	55	NO_MATCH	$4
p038-c03	56	NO_MATCH	(S1
p038-c03	60	NO_MATCH	rivatarum $59, 98
p038-c03	65	NO_MATCH	S0, 86
p038-c03	66	NO_MATCH	SQ, 87
p038-c03	70	NO_MATCH	(02, 00
p038-c03	71	NO_MATCH	S8R
p038-c03	73	NO_MATCH	"unt, nobis absenti-
p038-c03	75	NO_MATCH	"unt, nobis inferius
p038-c03	77	NO_MATCH	"unt, nobis praesen-
p038-c03	79	NO_MATCH	a7
p039-c00	1	NO_MATCH	rescripserunt, nobis s
p039-c00	55	NO_MATCH	resuit $3, 57
p039-c01	1	NO_MATCH	uperius , reticula 110, 28
p039-c01	71	NO_MATCH	, revolat 75, 95°
p039-c02	16	NO_MATCH	(rim 14, 64
p039-c02	21	NO_MATCH	"riorum 16,9
p039-c02	75	NO_MATCH	rudis p. puit praes.)
p039-c03	29	NO_MATCH	s
p039-c03	33	NO_MATCH	; sabbato 130, 108
p039-c03	34	NO_MATCH	) sabbatorum 118, 48”; 123,
p039-c03	37	NO_MATCH	> Sabellius 118, 50°
p039-c03	55	NO_MATCH	, Saduceae 120, 11
p039-c03	56	NO_MATCH	; sae 18, 17
p039-c03	61	NO_MATCH	saepenumero, patres cou-
p039-c03	62	NO_MATCH	scripti, 20, 96
p040-c00	2	NO_MATCH	[
p040-c00	25	NO_MATCH	. 124,145;125,07; 121,88 8
p040-c00	35	NO_MATCH	Salubinus (?) 119, 82° 5
p040-c00	45	NO_MATCH	Samaritanus48,6*; 119,31? s
p040-c00	48	NO_MATCH	Samonstralia v. Samothracia E
p040-c00	50	NO_MATCH	Samothracia [se. vasa] 96,26 &
p040-c00	51	NO_MATCH	Samothracia [sc. insula] 96, s
p040-c00	52	NO_MATCH	[ 27 8
p040-c00	53	NO_MATCH	Samsius (?) 119,82; 195,58 s
p040-c00	58	NO_MATCH	! sancit 55, 74 E
p040-c00	66	NO_MATCH	sandalia $9, 39 E
p040-c00	73	NO_MATCH	sanos vos audire vel videre E
p040-c00	78	NO_MATCH	Comm. not. tir.
p040-c01	1	NO_MATCH	—- 0409 -
p040-c01	8	NO_MATCH	ara (v. Sarra, Sarrai) 124, scam
p040-c01	11	NO_MATCH	- 15f, 52 scanc
p040-c01	25	NO_MATCH	ürmatus 86, 5 seelu
p040-c01	29	NO_MATCH	usit $0, 83 scerb
p040-c01	71	NO_MATCH	'caevola 111, 47 scrol
p040-c02	17	NO_MATCH	"um 92, 79 Scyphiu:
p040-c02	27	NO_MATCH	. 106, 61 Secepit
p040-c02	30	NO_MATCH	ihta v. scribilita secessit
p040-c02	40	NO_MATCH	; 82, 66 secunda
p040-c02	70	NO_MATCH	là 19, D sed nt
p040-c02	80	NO_MATCH	ves O1, 86 segnities
p040-c03	1	NO_MATCH	© To, 100
p040-c03	2	NO_MATCH	(11, 97
p040-c03	6	NO_MATCH	(08. BB
p040-c03	11	NO_MATCH	(7, 64*; 96, 55
p040-c03	15	NO_MATCH	rn. Serpio
p040-c03	20	NO_MATCH	;18,9
p040-c03	21	NO_MATCH	, 66
p040-c03	23	NO_MATCH	L1, 10
p040-c03	24	NO_MATCH	(0, 75^
p040-c03	28	NO_MATCH	n OT, 49
p040-c03	37	NO_MATCH	n rerum naturam
p040-c03	38	NO_MATCH	)
p040-c03	43	NO_MATCH	(08, 68^?
p040-c03	45	NO_MATCH	.. 86
p040-c03	47	NO_MATCH	n
p040-c03	48	NO_MATCH	» 4T
p040-c03	49	NO_MATCH	.1, 80
p040-c03	54	NO_MATCH	, 39
p040-c03	57	NO_MATCH	.48
p040-c03	61	NO_MATCH	, 19 )
p040-c03	65	NO_MATCH	o1. 907
p040-c03	74	NO_MATCH	"us S6. 26
p040-c03	75	NO_MATCH	zs '
p040-c03	76	NO_MATCH	L
p041-c00	19	NO_MATCH	seumetrum (i.e. sen
p041-c00	34	NO_MATCH	sempiterna saecula '
p041-c00	41	NO_MATCH	senatus populi plebis
p041-c00	43	NO_MATCH	senatus populus R
p041-c00	45	NO_MATCH	senatus populusque R
p041-c00	71	NO_MATCH	septemvir epulonum
p041-c00	73	NO_MATCH	septemvini capitales
p041-c01	14	NO_MATCH	,16 septuaginta 61, 49
p041-c01	34	NO_MATCH	fj, 13* series 91, 44
p041-c01	40	NO_MATCH	, 90 sero 75, 59
p041-c01	59	NO_MATCH	!sesquilibra 101, 76
p041-c01	60	NO_MATCH	»sessus 50, 94
p041-c01	62	NO_MATCH	, Sestertiarius 40, 86
p041-c01	63	NO_MATCH	! sestertium. 40, 84
p041-c01	65	NO_MATCH	,set 15,47
p041-c01	72	NO_MATCH	seumisti consperamen v. s
p041-c02	1	NO_MATCH	Au —-—
p041-c02	6	NO_MATCH	! sexaginta milia 61, 75
p041-c02	12	NO_MATCH	) — sex partes 60, 78*
p041-c02	17	NO_MATCH	, sextodecimus 61, 24°
p041-c02	22	NO_MATCH	sibà 2, 96
p041-c02	39	NO_MATCH	sicut, 2, 24
p041-c02	40	NO_MATCH	sicutà 2, 25
p041-c02	50	NO_MATCH	signes v. segnis
p041-c02	65	NO_MATCH	, 87 silvester 106, 33
p041-c03	8	NO_MATCH	: simul 39, 34
p041-c03	12	NO_MATCH	! sinapis 92, 82
p041-c03	47	NO_MATCH	Simnas v. Synnas
p041-c03	69	NO_MATCH	; siraphin v. seraphin
p041-c03	71	NO_MATCH	sirieum r. sericum
p041-c03	75	NO_MATCH	]
p042-c00	15	NO_MATCH	sitit (4. e. sitis subst.) 104, 07 s
p042-c00	16	NO_MATCH	; situla 101, 69 sc
p042-c00	54	NO_MATCH	' sollemnis 89, 83 sp
p042-c01	1	NO_MATCH	—— Sly, -
p042-c01	3	NO_MATCH	opotamia (i e. Mesopota- spomt
p042-c01	18	NO_MATCH	roreclatum (?) 98, 63 spum
p042-c02	18	NO_MATCH	us », Sturius stragulur
p042-c02	56	NO_MATCH	) 127, 16; 152, 172. stupet i0
p042-c02	61	NO_MATCH	bod, 81 Sturius 1
p042-c02	64	NO_MATCH	, 83, 32 j suadet 5:
p042-c02	66	NO_MATCH	, 13 suam 8,:
p042-c03	2	NO_MATCH	I, Ba
p042-c03	8	NO_MATCH	, 69
p042-c03	17	NO_MATCH	d, 06
p042-c03	39	NO_MATCH	, 61
p042-c03	44	NO_MATCH	; 48
p042-c03	47	NO_MATCH	a, BE
p042-c03	49	NO_MATCH	, it
p042-c03	64	NO_MATCH	j3
p042-c03	69	NO_MATCH	E
p043-c00	27	NO_MATCH	subideireo r. si idcir
p043-c00	36	NO_MATCH	subitillum v. sorbitil
p043-c01	12	NO_MATCH	subpinnulare rz. subpaenu
p043-c01	26	NO_MATCH	! subpressit 24, 21
p043-c01	27	NO_MATCH	co !subprimit 21, 11
p043-c01	30	NO_MATCH	. subradit 71, 92
p043-c01	36	NO_MATCH	lum — subruit (pf.) 15, 78
p043-c01	45	NO_MATCH	: subsicivum 94, 21
p043-c01	61	NO_MATCH	^ subtemen 99, 18
p043-c01	73	NO_MATCH	(subtraxit 35, 36
p043-c02	1	NO_MATCH	TA as
p043-c02	13	NO_MATCH	lare subvénit 20, 47
p043-c02	47	NO_MATCH	! sudat 70, 28
p043-c02	59	NO_MATCH	Suffonias v. Sophonias
p043-c02	67	NO_MATCH	suggerendo apostolico do
p043-c02	70	NO_MATCH	suggerendo gloriosissimo do.
p043-c03	56	NO_MATCH	supraseripti homines1 22,162
p043-c03	64	NO_MATCH	' sus 8,16
p043-c03	66	NO_MATCH	- suscepit 10, 76
p043-c03	69	NO_MATCH	- suscitat 32, 58
p043-c03	75	NO_MATCH	:
p044-c00	13	NO_MATCH	. sutrinum 83, 61 (i
p044-c00	21	NO_MATCH	E ti
p044-c00	28	NO_MATCH	'syngraphe 76, 45 T
p044-c00	29	NO_MATCH	: Synnadicum 100, 93 T
p044-c00	38	NO_MATCH	t
p044-c00	39	NO_MATCH	m t
p044-c00	40	NO_MATCH	T. t
p044-c00	74	NO_MATCH	. tandem aliquando 4, 21 t
p044-c01	1	NO_MATCH	- 113
p044-c01	8	NO_MATCH	müllum 5, 29 tendi
p044-c01	24	NO_MATCH	aracia (Tarracina?) 83, 93 tenui
p044-c01	28	NO_MATCH	are v. Thare tepef
p044-c01	48	NO_MATCH	auronünia85,66*; 108,31? terra
p044-c01	49	NO_MATCH	‘aurominitanus 85,67; 108, terra
p044-c01	55	NO_MATCH	> 1,18; 18, 22 terre
p044-c02	6	NO_MATCH	. 6, OL testudo
p044-c02	16	NO_MATCH	lerum (7, ¢.Ternodurum) texit. 80,
p044-c02	17	NO_MATCH	, 89 texit. (
p044-c02	20	NO_MATCH	x9 12, 14 textrinun
p044-c02	33	NO_MATCH	, 35; 61,6 theatrum
p044-c02	34	NO_MATCH	cus v, trierarchicus theca 11
p044-c02	39	NO_MATCH	. 48, 99 Theodoti
p044-c02	55	NO_MATCH	(54, 86 this 19,
p044-c02	61	NO_MATCH	.19, 6 thoracat
p044-c02	62	NO_MATCH	[feria 123, 228 thoragat
p044-c02	63	NO_MATCH	. pars 60, 70; 122, 189 thorax f£
p044-c02	70	NO_MATCH	[8,25 Thybris
p044-c03	5	NO_MATCH	, 40
p044-c03	6	NO_MATCH	i1, 51
p044-c03	8	NO_MATCH	“58
p044-c03	12	NO_MATCH	(120, 29; 124, 30
p044-c03	17	NO_MATCH	aes.) SO, 21
p044-c03	31	NO_MATCH	)9
p044-c03	32	NO_MATCH	; 106, 58
p044-c03	42	NO_MATCH	nes L18, 64
p044-c03	44	NO_MATCH	od, 64
p044-c03	47	NO_MATCH	, 86, 66
p044-c03	51	NO_MATCH	(4. 60
p044-c03	52	NO_MATCH	LOG, 13
p044-c03	53	NO_MATCH	), 13
p044-c03	54	NO_MATCH	p dit
p044-c03	56	NO_MATCH	n
p044-c03	62	NO_MATCH	us n, thoracatus
p045-c00	6	NO_MATCH	; Tiberius 38, 82
p045-c00	10	NO_MATCH	: Tiberius Gracchus
p045-c00	20	NO_MATCH	; tibimet ipse 91, 21
p045-c00	26	NO_MATCH	Tietini v. Ectini
p045-c00	27	NO_MATCH	Ticius v. Typhoeu:
p045-c00	31	NO_MATCH	)J tignum 100, 7
p045-c00	37	NO_MATCH	: Timarchides 118, €
p045-c00	53	NO_MATCH	; tinctile 50, 2
p045-c00	55	NO_MATCH	; tinctorium 50,3
p045-c01	2	NO_MATCH	. tondit 95, 25
p045-c01	3	NO_MATCH	‘tonitrum 72, 26
p045-c01	17	NO_MATCH	; tormentum 48, 98
p045-c01	20	NO_MATCH	‘torpidum 56, 99
p045-c01	38	NO_MATCH	! totus orbis 52, 97
p045-c01	59	NO_MATCH	Traiumanus v. Trasun
p045-c01	62	NO_MATCH	), £5 trames 110, 88
p045-c02	1	NO_MATCH	si s
p045-c02	18	NO_MATCH	! transiliit 13, 98
p045-c02	49	NO_MATCH	transverüt 28, 5*
p045-c03	3	NO_MATCH	triarcus v. trierarchus
p045-c03	26	NO_MATCH	Tricipitinus Symphronius
p045-c03	39	NO_MATCH	_triga 112, 75
p045-c03	42	NO_MATCH	(triginta milia 61, 72
p045-c03	58	NO_MATCH	. tritienm 68, 7
p045-c03	66	NO_MATCH	iriumvir reipublicae —con-
p045-c03	71	NO_MATCH	irix'15, 81
p045-c03	72	NO_MATCH	Trix v. Thraex
p045-c03	76	NO_MATCH	i
p046-c00	1	NO_MATCH	trochilia (?) 110, 22 d
p046-c00	13	NO_MATCH	trugila v. truilla tv
p046-c00	31	NO_MATCH	tudit v. tutudit
p046-c00	54	NO_MATCH	[turbat 49, 76 wit
p046-c00	60	NO_MATCH	‘turguet 70, 47 uli
p046-c00	61	NO_MATCH	;turguidus 70, 49 uli
p046-c00	68	NO_MATCH	(turpis 42, 59 uli
p046-c00	75	NO_MATCH	)
p046-c01	1	NO_MATCH	-———- 115 -
p046-c01	27	NO_MATCH	'rrhenum. 113, 83 una £
p046-c01	31	NO_MATCH	una [
p046-c01	32	NO_MATCH	" una }
p046-c01	33	NO_MATCH	U. unaqu
p046-c01	35	NO_MATCH	. 18, 53 unctoi
p046-c01	51	NO_MATCH	'ernun 84, 62 Unelli
p046-c01	56	NO_MATCH	; 15, 82 uniani
p046-c01	59	NO_MATCH	üseitur 89, 88 nnicui
p046-c01	60	NO_MATCH	"us 111, 84 unicus
p046-c01	61	NO_MATCH	"useulum 111, 85 aniget
p046-c02	11	NO_MATCH	à 93, 35; 104, 88 uras 14,
p046-c02	25	NO_MATCH	», 69 usitatum
p046-c02	26	NO_MATCH	, 86 usopum :
p046-c02	33	NO_MATCH	: 80,1 usquequa
p046-c02	47	NO_MATCH	id, 54 uter 6, l
p046-c02	52	NO_MATCH	[ 09, 86 uti adsol
p046-c02	58	NO_MATCH	(5,81 utique 2,
p046-c02	60	NO_MATCH	)9, 100 utitur 24
p046-c02	61	NO_MATCH	"ulus 99, 76 ut opinor
p046-c02	72	NO_MATCH	(emque 5, 94 uuarui 1
p046-c03	2	NO_MATCH	, 8&7
p046-c03	3	NO_MATCH	)
p046-c03	6	NO_MATCH	J
p046-c03	8	NO_MATCH	E
p046-c03	12	NO_MATCH	(95
p046-c03	19	NO_MATCH	)1, 54
p046-c03	26	NO_MATCH	d
p046-c03	34	NO_MATCH	(05, 32
p046-c03	36	NO_MATCH	, 13
p046-c03	37	NO_MATCH	, 75
p046-c03	39	NO_MATCH	, 96
p046-c03	47	NO_MATCH	, 28
p046-c03	53	NO_MATCH	; 88
p046-c03	62	NO_MATCH	S, 017? j
p046-c03	63	NO_MATCH	, 12
p046-c03	73	NO_MATCH	,g
p046-c03	75	NO_MATCH	Y
p046-c03	78	NO_MATCH	O84
p046-c03	87	NO_MATCH	b, 14?
p047-c00	1	NO_MATCH	uue [i.e uuae] 1
p047-c00	6	NO_MATCH	“ uuo 18,45?
p047-c00	8	NO_MATCH	! unorum 18, 45"
p047-c00	10	NO_MATCH	" uuos 18, 45^
p047-c00	18	NO_MATCH	» uuus 18, 45"
p047-c00	22	NO_MATCH	] uxor 56, 33
p047-c00	28	NO_MATCH	vacillatur (— or?
p047-c00	32	NO_MATCH	) vacuarium 32, 42
p047-c00	34	NO_MATCH	! vacuum 32, 40
p047-c00	36	NO_MATCH	; vadaticiae 73, 44
p047-c00	38	NO_MATCH	, vadatur 73, 42
p047-c00	40	NO_MATCH	) vadimonium 73, 4
p047-c00	44	NO_MATCH	, vadit 65, 75
p047-c00	67	NO_MATCH	; validus 64, 8
p047-c00	69	NO_MATCH	" valitudinarius 64,
p047-c00	71	NO_MATCH	; valitudo 64, 6
p047-c00	73	NO_MATCH	] valles 98, 77
p047-c00	75	NO_MATCH	: vallum 45, 50
p047-c00	77	NO_MATCH	j valtae v. valvae
p047-c00	79	NO_MATCH	] valvae 100, 16
p047-c00	93	NO_MATCH	! Vasates 87, 16
p047-c00	95	NO_MATCH	vaseularius $2, 7€
p047-c00	105	NO_MATCH	; vecors 44, 69
p047-c01	7	NO_MATCH	, Velovis 81, 65
p047-c01	39	NO_MATCH	venator v. venditor
p047-c01	40	NO_MATCH	, vendidit 89, 56
p047-c01	43	NO_MATCH	! venditor 96, 51
p047-c01	45	NO_MATCH	, veneficium 8&2, 52
p047-c01	51	NO_MATCH	vénit. 20, 41
p047-c01	60	NO_MATCH	, ventriculus 79, 6
p047-c01	79	NO_MATCH	' verba 26, 3
p047-c01	86	NO_MATCH	? verbosus 26,4
p047-c01	89	NO_MATCH	; Verbotenus 49, 31
p047-c02	1	NO_MATCH	— 116 ——
p047-c02	18	NO_MATCH	veritaü 2, 63
p047-c02	42	NO_MATCH	GO — vertit 27, 95
p047-c02	44	NO_MATCH	, verumtamen 1, 56
p047-c02	45	NO_MATCH	, verunt. 14, 29
p047-c02	46	NO_MATCH	(verus 2, 57
p047-c02	57	NO_MATCH	vesperünum 69, 9
p047-c02	58	NO_MATCH	vespilló 58, 81
p047-c02	69	NO_MATCH	vestilium (?) 41, 81*
p047-c03	34	NO_MATCH	Vidiocasus (i. e. Viducasses)
p047-c03	44	NO_MATCH	,vigor 63, 67
p048-c00	52	NO_MATCH	visüs 14, 26 v
p048-c00	57	NO_MATCH	Comm. not, tir.
p048-c00	58	NO_MATCH	}
p048-c01	1	NO_MATCH	- JI? -
p048-c01	8	NO_MATCH	itis(?) pater 59, 15? volut
p048-c01	32	NO_MATCH	obis liberisque" 9, 61 vulm
p048-c01	36	NO_MATCH	obis, patres conscripti 9, 59 vultis
p048-c01	37	NO_MATCH	obisque, patres conscripti 9, vultu
p048-c01	55	NO_MATCH	olugeris r. Vologeses xerar
p048-c02	14	NO_MATCH	© 90, 84 ; Zubulo
p048-c02	15	NO_MATCH	. 90, 83" Zabulon
p048-c02	17	NO_MATCH	^90, 82^ zabulus
p048-c02	25	NO_MATCH	anus v, Vulcanus Zapluton
p048-c02	35	NO_MATCH	; 21, 42 zeloticus
p048-c02	37	NO_MATCH	. 103, 59 Zelpha 1
p048-c02	39	NO_MATCH	Ww. Zenophil
p048-c02	42	NO_MATCH	"iscapis 1238, 43 zesopui
p048-c02	55	NO_MATCH	.9, 52 jzu 19,7
p048-c03	2	NO_MATCH	g
p048-c03	4	NO_MATCH	'5s 107, KO
p048-c03	9	NO_MATCH	'9, 4
p048-c03	14	NO_MATCH	i
p048-c03	16	NO_MATCH	(r.Tacius) 120, 12*;
p048-c03	17	NO_MATCH	HR WAGE NS AG Be
p048-c03	19	NO_MATCH	; 191, 105; 124,
p048-c03	26	NO_MATCH	i)
p048-c03	29	NO_MATCH	, 30%; 123, 268
p048-c03	32	NO_MATCH	n
p048-c03	40	NO_MATCH	r. usopum
p048-c03	49	NO_MATCH	E
p048-c03	51	NO_MATCH	)
